land_id,area,transaction_count,market_value,owner_history,transfer_frequency,district,land_type,verification_status,fraud
LAND1,16.01,10,6581607,1,7,Rourkela,Residential,Pending,1
LAND2,15.26,9,8106131,8,1,Bhubaneswar,Residential,Pending,1
LAND3,9.3,8,5256206,10,8,Bhubaneswar,Residential,Verified,1
LAND4,18.11,2,5379820,7,4,Puri,Agricultural,Pending,1
LAND5,15.9,6,7351326,6,8,Bhubaneswar,Residential,Pending,0
LAND6,21.53,6,1587734,1,6,Berhampur,Residential,Verified,0
LAND7,17.7,10,110963,9,7,Berhampur,Commercial,Verified,1
LAND8,23.13,11,5689828,10,2,Rourkela,Commercial,Verified,1
LAND9,23.17,7,5402589,1,4,Cuttack,Commercial,Verified,0
LAND10,11.46,1,9087090,10,0,Puri,Agricultural,Verified,0
LAND11,5.11,3,4817661,9,3,Balasore,Commercial,Verified,0
LAND12,5.28,5,6052539,2,3,Bhubaneswar,Agricultural,Verified,0
LAND13,15.91,5,5858436,4,2,Rourkela,Residential,Pending,0
LAND14,17.16,8,3617013,3,4,Rourkela,Agricultural,Pending,0
LAND15,9.79,11,6568439,3,6,Rourkela,Residential,Verified,0
LAND16,20.5,5,386160,8,7,Puri,Residential,Verified,1
LAND17,23.09,3,3581944,10,0,Bhubaneswar,Agricultural,Pending,1
LAND18,9.33,11,6984004,10,7,Balasore,Residential,Verified,1
LAND19,13.26,3,4218332,3,2,Sambalpur,Agricultural,Verified,0
LAND20,23.81,12,2109798,2,4,Cuttack,Residential,Pending,1
LAND21,10.25,8,2325313,6,1,Rourkela,Agricultural,Pending,0
LAND22,24.93,1,4182722,5,5,Cuttack,Commercial,Verified,0
LAND23,12.47,11,6494783,3,4,Sambalpur,Agricultural,Pending,0
LAND24,20.47,7,5803460,9,4,Rourkela,Agricultural,Pending,1
LAND25,8.91,7,2163306,1,8,Balasore,Residential,Verified,0
LAND26,14.86,3,7541663,1,7,Puri,Commercial,Pending,0
LAND27,19.21,10,2246680,8,3,Bhubaneswar,Commercial,Verified,1
LAND28,10.86,4,3026173,4,1,Cuttack,Agricultural,Verified,0
LAND29,16.48,4,7482948,2,8,Cuttack,Commercial,Verified,0
LAND30,19.81,4,6405407,2,3,Balasore,Agricultural,Verified,0
LAND31,3.9,3,6564427,2,3,Cuttack,Commercial,Pending,0
LAND32,7.97,10,5222918,5,1,Cuttack,Commercial,Verified,0
LAND33,8.68,8,5840949,5,5,Puri,Commercial,Verified,0
LAND34,20.1,8,4624122,7,7,Sambalpur,Residential,Verified,1
LAND35,13.11,8,1688049,7,5,Cuttack,Commercial,Pending,1
LAND36,14.8,10,5245319,6,4,Rourkela,Agricultural,Pending,0
LAND37,7.73,8,7509066,10,2,Sambalpur,Residential,Pending,1
LAND38,24.75,10,7190497,4,1,Berhampur,Residential,Verified,0
LAND39,20.91,8,6752517,5,4,Rourkela,Agricultural,Pending,1
LAND40,15.53,10,5268858,2,3,Balasore,Residential,Verified,0
LAND41,7.49,9,5435855,8,0,Cuttack,Residential,Verified,1
LAND42,11.11,10,1045465,10,1,Rourkela,Agricultural,Verified,1
LAND43,14.52,12,1092335,10,7,Balasore,Residential,Pending,1
LAND44,5.97,9,1084158,8,1,Rourkela,Residential,Pending,1
LAND45,21.1,10,1486487,1,3,Sambalpur,Agricultural,Pending,1
LAND46,7.33,3,2498438,2,5,Balasore,Commercial,Verified,0
LAND47,18.1,10,5925178,1,5,Cuttack,Residential,Pending,1
LAND48,6.04,1,4971687,4,5,Rourkela,Agricultural,Verified,0
LAND49,22.63,8,6648570,10,3,Berhampur,Agricultural,Pending,1
LAND50,24.89,6,8724814,7,8,Balasore,Residential,Pending,1
LAND51,1.61,8,5142559,5,7,Bhubaneswar,Commercial,Pending,1
LAND52,10.37,9,5460568,3,5,Bhubaneswar,Commercial,Pending,0
LAND53,15.85,5,8367287,10,8,Berhampur,Commercial,Verified,0
LAND54,20.46,12,7510024,1,2,Rourkela,Residential,Pending,1
LAND55,9.65,5,9211205,5,0,Puri,Residential,Verified,0
LAND56,12.95,11,5523021,6,5,Balasore,Commercial,Pending,0
LAND57,7.39,12,7275022,6,5,Berhampur,Commercial,Pending,0
LAND58,4.45,3,4578153,9,7,Cuttack,Commercial,Verified,0
LAND59,11.26,1,6713435,6,4,Puri,Agricultural,Verified,0
LAND60,21.75,5,1402966,9,1,Berhampur,Residential,Pending,1
LAND61,24.91,1,167987,7,8,Rourkela,Residential,Pending,1
LAND62,11.83,12,2678942,4,3,Puri,Residential,Verified,0
LAND63,3.61,7,8669010,2,6,Berhampur,Residential,Pending,0
LAND64,13.39,7,9432669,4,5,Balasore,Agricultural,Verified,0
LAND65,1.24,3,6701268,3,0,Rourkela,Residential,Verified,0
LAND66,19.93,12,201736,2,6,Balasore,Commercial,Pending,1
LAND67,18.76,2,9970895,10,3,Rourkela,Commercial,Verified,0
LAND68,17.81,4,9866172,2,0,Rourkela,Agricultural,Verified,0
LAND69,5.43,9,7383315,3,1,Sambalpur,Commercial,Verified,0
LAND70,23.37,11,7565924,5,3,Balasore,Agricultural,Verified,0
LAND71,1.9,8,3721455,1,8,Sambalpur,Residential,Pending,1
LAND72,15.97,5,5872181,6,6,Bhubaneswar,Commercial,Pending,0
LAND73,2.55,6,3626872,4,0,Berhampur,Agricultural,Pending,0
LAND74,6.54,6,5392319,9,7,Puri,Agricultural,Verified,0
LAND75,10.14,6,8355640,7,8,Berhampur,Agricultural,Verified,0
LAND76,9.59,10,6542247,2,1,Sambalpur,Commercial,Verified,0
LAND77,14.07,11,481234,10,1,Cuttack,Commercial,Pending,1
LAND78,14.06,1,2824411,3,2,Bhubaneswar,Residential,Verified,0
LAND79,15.67,3,9742402,3,6,Cuttack,Commercial,Pending,0
LAND80,19.58,5,3826490,6,3,Cuttack,Commercial,Verified,0
LAND81,15.36,6,1644851,2,7,Cuttack,Commercial,Pending,0
LAND82,7.38,1,1487242,8,3,Cuttack,Commercial,Verified,0
LAND83,9.2,5,5427279,1,7,Puri,Commercial,Verified,0
LAND84,5.18,2,6719705,4,8,Sambalpur,Agricultural,Verified,0
LAND85,18.47,5,6246123,9,6,Rourkela,Commercial,Verified,1
LAND86,3.76,5,3087600,5,3,Bhubaneswar,Agricultural,Verified,0
LAND87,21.19,4,4759572,9,1,Cuttack,Commercial,Verified,0
LAND88,6.91,1,4835768,4,0,Cuttack,Commercial,Verified,0
LAND89,11.2,11,4976800,10,2,Puri,Agricultural,Pending,1
LAND90,7.32,5,9027113,3,8,Sambalpur,Agricultural,Verified,0
LAND91,4.31,3,8447187,10,5,Rourkela,Agricultural,Verified,0
LAND92,1.68,2,1333842,7,8,Puri,Residential,Pending,1
LAND93,12.95,9,554936,5,4,Puri,Agricultural,Verified,0
LAND94,23.09,11,476731,3,8,Balasore,Commercial,Pending,1
LAND95,14.76,1,4440247,9,6,Rourkela,Residential,Verified,0
LAND96,24.01,7,2748215,9,3,Berhampur,Commercial,Verified,0
LAND97,19.0,3,8617550,1,7,Berhampur,Agricultural,Verified,0
LAND98,5.06,11,3874531,2,0,Bhubaneswar,Commercial,Pending,0
LAND99,6.48,9,6967000,3,3,Cuttack,Agricultural,Pending,0
LAND100,7.76,8,3444099,7,5,Berhampur,Residential,Pending,1
LAND101,7.48,10,5668770,1,4,Berhampur,Residential,Verified,0
LAND102,7.21,5,4660782,4,7,Sambalpur,Commercial,Pending,0
LAND103,22.72,3,376656,9,7,Sambalpur,Residential,Pending,1
LAND104,14.88,11,7820827,6,3,Balasore,Residential,Pending,0
LAND105,16.73,6,2833074,2,7,Balasore,Commercial,Pending,0
LAND106,23.29,4,7024834,5,2,Cuttack,Residential,Pending,0
LAND107,23.29,3,5634408,9,7,Cuttack,Commercial,Verified,1
LAND108,24.41,3,9976213,10,0,Bhubaneswar,Commercial,Pending,1
LAND109,16.27,1,3724823,6,4,Puri,Agricultural,Pending,0
LAND110,12.54,9,2624934,9,5,Balasore,Residential,Verified,1
LAND111,20.88,5,9194580,6,7,Berhampur,Residential,Verified,0
LAND112,5.79,6,1478025,9,7,Puri,Agricultural,Verified,0
LAND113,11.6,6,8590706,1,1,Sambalpur,Residential,Verified,0
LAND114,13.13,7,4659944,10,1,Bhubaneswar,Agricultural,Verified,0
LAND115,4.34,8,2000439,5,8,Sambalpur,Residential,Verified,0
LAND116,9.42,8,7334612,2,2,Rourkela,Residential,Verified,0
LAND117,14.09,11,4976834,3,3,Bhubaneswar,Residential,Pending,0
LAND118,7.85,1,6428442,3,1,Sambalpur,Agricultural,Pending,0
LAND119,6.41,3,6295064,3,5,Puri,Residential,Pending,0
LAND120,13.12,6,3598860,1,3,Bhubaneswar,Residential,Verified,0
LAND121,12.78,6,9062310,10,5,Puri,Agricultural,Pending,0
LAND122,1.02,1,6299880,3,2,Balasore,Agricultural,Pending,0
LAND123,5.4,12,3033954,2,2,Balasore,Agricultural,Pending,0
LAND124,10.28,7,6804241,5,2,Balasore,Agricultural,Pending,0
LAND125,15.5,11,7454992,10,3,Rourkela,Agricultural,Pending,1
LAND126,22.66,12,5215704,4,0,Berhampur,Commercial,Verified,0
LAND127,10.77,1,470677,5,7,Rourkela,Residential,Verified,0
LAND128,23.85,6,351785,1,5,Rourkela,Agricultural,Verified,0
LAND129,14.55,8,6364776,7,3,Puri,Agricultural,Pending,1
LAND130,3.93,4,2558418,2,6,Cuttack,Commercial,Verified,0
LAND131,5.77,10,6626521,10,1,Cuttack,Commercial,Pending,1
LAND132,14.0,12,4968291,4,5,Balasore,Commercial,Verified,0
LAND133,17.34,11,9562293,8,0,Rourkela,Residential,Verified,1
LAND134,1.2,5,7168448,1,6,Puri,Agricultural,Pending,0
LAND135,14.25,9,4479060,5,8,Berhampur,Residential,Pending,1
LAND136,23.0,11,5783970,8,0,Bhubaneswar,Agricultural,Verified,1
LAND137,3.91,11,6905446,9,5,Rourkela,Residential,Verified,1
LAND138,24.77,12,5786870,2,7,Balasore,Commercial,Verified,1
LAND139,10.1,12,8940328,9,7,Berhampur,Agricultural,Pending,1
LAND140,14.61,12,9515842,7,3,Berhampur,Residential,Verified,1
LAND141,1.23,8,5607910,4,0,Cuttack,Commercial,Verified,0
LAND142,7.53,6,4703381,5,1,Bhubaneswar,Residential,Verified,0
LAND143,17.65,7,1714659,4,2,Berhampur,Residential,Verified,0
LAND144,3.11,3,4625060,3,2,Puri,Residential,Pending,0
LAND145,8.05,12,6521546,10,8,Berhampur,Agricultural,Verified,1
LAND146,12.03,1,4958149,8,3,Rourkela,Commercial,Pending,0
LAND147,19.72,11,8458728,2,5,Rourkela,Residential,Verified,0
LAND148,17.88,12,8769176,1,3,Cuttack,Agricultural,Verified,0
LAND149,21.98,6,3984673,1,7,Puri,Residential,Verified,0
LAND150,20.25,2,8853868,5,1,Berhampur,Commercial,Pending,0
LAND151,12.5,5,7530663,1,3,Balasore,Commercial,Pending,0
LAND152,18.13,2,3150007,1,0,Bhubaneswar,Agricultural,Verified,0
LAND153,24.31,9,5706365,9,5,Puri,Agricultural,Verified,1
LAND154,11.52,4,8370756,4,8,Cuttack,Agricultural,Pending,0
LAND155,22.66,9,6155750,1,7,Balasore,Commercial,Verified,1
LAND156,5.63,8,9844420,10,1,Balasore,Commercial,Verified,1
LAND157,17.19,3,8046078,4,5,Rourkela,Commercial,Pending,0
LAND158,20.53,4,7749833,4,1,Rourkela,Residential,Pending,0
LAND159,24.62,6,921667,9,3,Balasore,Residential,Verified,0
LAND160,16.13,10,5649961,1,7,Balasore,Residential,Pending,1
LAND161,16.74,8,6822267,1,5,Rourkela,Agricultural,Verified,0
LAND162,11.02,12,4414786,6,3,Puri,Agricultural,Pending,0
LAND163,12.35,3,9746204,9,4,Berhampur,Agricultural,Verified,0
LAND164,4.0,6,917656,4,3,Rourkela,Residential,Verified,0
LAND165,7.16,4,3488734,7,5,Cuttack,Commercial,Pending,0
LAND166,18.83,3,7885225,9,2,Cuttack,Commercial,Verified,0
LAND167,8.03,12,3496061,9,4,Balasore,Commercial,Pending,1
LAND168,22.94,11,9053359,8,2,Berhampur,Residential,Pending,1
LAND169,16.75,7,4771102,7,2,Rourkela,Residential,Verified,0
LAND170,6.92,10,1787644,6,2,Rourkela,Agricultural,Verified,0
LAND171,17.67,11,8255089,9,4,Balasore,Commercial,Pending,1
LAND172,8.14,3,6387444,10,6,Cuttack,Agricultural,Verified,0
LAND173,11.68,11,7052642,2,4,Sambalpur,Agricultural,Pending,0
LAND174,9.81,10,4428608,7,0,Rourkela,Agricultural,Verified,1
LAND175,21.55,11,8065511,5,7,Bhubaneswar,Residential,Pending,1
LAND176,22.57,9,4441998,8,8,Sambalpur,Agricultural,Verified,1
LAND177,21.81,6,4972434,7,0,Berhampur,Commercial,Verified,0
LAND178,16.81,1,1049088,6,8,Berhampur,Residential,Verified,0
LAND179,2.4,9,5848206,4,7,Rourkela,Residential,Pending,1
LAND180,4.16,7,783568,5,2,Balasore,Residential,Verified,0
LAND181,10.39,7,5889978,3,2,Puri,Residential,Verified,0
LAND182,4.6,7,6222291,9,3,Berhampur,Commercial,Pending,0
LAND183,18.6,4,6163086,9,4,Berhampur,Residential,Verified,0
LAND184,18.74,11,6085988,1,1,Berhampur,Agricultural,Pending,1
LAND185,7.58,4,9561791,7,6,Balasore,Residential,Verified,0
LAND186,24.91,5,8098736,6,4,Rourkela,Agricultural,Verified,0
LAND187,23.79,12,943719,7,3,Cuttack,Commercial,Verified,1
LAND188,20.98,1,7240577,7,6,Rourkela,Commercial,Verified,1
LAND189,9.15,6,4584281,6,0,Balasore,Residential,Verified,0
LAND190,24.19,8,3105760,3,2,Puri,Residential,Verified,0
LAND191,1.5,3,8253994,4,3,Puri,Agricultural,Pending,0
LAND192,13.79,1,1870630,6,0,Puri,Commercial,Pending,0
LAND193,13.11,9,1597196,9,1,Sambalpur,Commercial,Verified,1
LAND194,22.11,9,6802077,6,5,Bhubaneswar,Agricultural,Verified,0
LAND195,22.41,3,3400628,6,0,Puri,Residential,Verified,0
LAND196,22.2,1,2724169,7,3,Balasore,Agricultural,Verified,0
LAND197,23.64,2,5995801,9,7,Berhampur,Commercial,Verified,1
LAND198,21.96,5,7653824,2,8,Balasore,Commercial,Verified,0
LAND199,7.64,8,1476904,10,3,Sambalpur,Commercial,Pending,1
LAND200,19.24,1,8961872,9,4,Cuttack,Residential,Pending,1
LAND201,2.57,1,3230143,2,2,Sambalpur,Commercial,Pending,0
LAND202,7.96,5,7680409,6,7,Balasore,Agricultural,Pending,0
LAND203,7.05,2,3009827,4,6,Rourkela,Residential,Pending,0
LAND204,20.5,1,2755593,6,4,Rourkela,Agricultural,Verified,0
LAND205,3.97,9,2891459,2,1,Bhubaneswar,Agricultural,Pending,0
LAND206,19.35,1,1478422,6,3,Sambalpur,Agricultural,Pending,0
LAND207,20.86,5,9853376,10,8,Rourkela,Commercial,Pending,1
LAND208,7.66,5,9138355,3,2,Berhampur,Residential,Verified,0
LAND209,14.03,1,2366221,2,2,Sambalpur,Commercial,Verified,0
LAND210,1.79,7,5326641,6,5,Balasore,Agricultural,Verified,0
LAND211,23.24,1,4466407,7,4,Cuttack,Residential,Pending,1
LAND212,10.71,4,2616692,3,3,Rourkela,Agricultural,Verified,0
LAND213,11.52,5,9240751,6,2,Sambalpur,Residential,Verified,0
LAND214,6.1,4,5669363,10,7,Puri,Agricultural,Verified,0
LAND215,21.72,11,6821095,10,2,Bhubaneswar,Residential,Verified,1
LAND216,22.72,1,5769381,9,6,Rourkela,Commercial,Pending,1
LAND217,11.37,1,3588635,3,6,Berhampur,Commercial,Verified,0
LAND218,9.83,1,4723108,4,8,Bhubaneswar,Agricultural,Verified,0
LAND219,18.79,2,2927850,3,0,Sambalpur,Agricultural,Pending,0
LAND220,13.78,3,1356602,10,0,Sambalpur,Residential,Verified,0
LAND221,16.69,9,7887000,4,6,Rourkela,Agricultural,Verified,0
LAND222,9.0,1,3898554,9,0,Rourkela,Residential,Pending,0
LAND223,10.11,7,8196853,10,6,Cuttack,Agricultural,Verified,0
LAND224,10.01,4,1444099,3,6,Bhubaneswar,Commercial,Verified,0
LAND225,24.38,6,6775025,2,0,Cuttack,Agricultural,Pending,0
LAND226,4.38,11,2262237,5,3,Puri,Commercial,Pending,0
LAND227,3.87,11,8653848,2,2,Sambalpur,Agricultural,Verified,0
LAND228,3.7,5,2999519,7,0,Berhampur,Commercial,Verified,0
LAND229,1.85,12,5550669,9,8,Rourkela,Commercial,Verified,1
LAND230,24.05,5,1757569,4,2,Balasore,Residential,Verified,0
LAND231,18.07,12,4289707,8,1,Rourkela,Residential,Verified,1
LAND232,10.01,2,7628666,3,5,Bhubaneswar,Residential,Verified,0
LAND233,4.85,2,9229896,3,8,Balasore,Commercial,Pending,0
LAND234,17.89,9,380925,3,3,Berhampur,Commercial,Verified,0
LAND235,14.14,7,3335315,8,6,Bhubaneswar,Agricultural,Pending,1
LAND236,15.68,4,1905375,4,1,Sambalpur,Residential,Verified,0
LAND237,15.96,6,7470757,5,6,Sambalpur,Agricultural,Pending,0
LAND238,7.3,12,621678,8,3,Rourkela,Commercial,Verified,1
LAND239,15.93,7,1868232,3,8,Rourkela,Agricultural,Pending,0
LAND240,16.18,4,9804869,1,1,Cuttack,Agricultural,Pending,0
LAND241,5.29,10,2455578,7,1,Puri,Residential,Pending,1
LAND242,19.86,1,7588060,4,2,Cuttack,Residential,Verified,0
LAND243,24.15,12,7371401,10,4,Cuttack,Residential,Pending,1
LAND244,8.33,12,8463859,2,3,Cuttack,Commercial,Pending,0
LAND245,19.7,4,1044425,6,0,Cuttack,Residential,Pending,0
LAND246,14.76,4,8732770,5,8,Rourkela,Agricultural,Pending,0
LAND247,16.95,12,8579689,8,8,Cuttack,Residential,Pending,1
LAND248,23.17,1,1243861,4,5,Bhubaneswar,Commercial,Verified,0
LAND249,10.84,9,7422911,4,2,Rourkela,Agricultural,Verified,0
LAND250,19.17,1,350584,1,5,Rourkela,Commercial,Pending,0
LAND251,6.77,1,5208325,6,3,Berhampur,Commercial,Verified,0
LAND252,3.53,6,3040481,5,1,Berhampur,Residential,Verified,0
LAND253,5.66,4,4019241,4,0,Rourkela,Agricultural,Verified,0
LAND254,23.0,12,3689254,5,0,Balasore,Commercial,Pending,1
LAND255,17.53,7,5655011,1,0,Cuttack,Agricultural,Verified,0
LAND256,4.58,4,7242193,9,7,Sambalpur,Residential,Verified,0
LAND257,12.61,11,7863869,7,8,Balasore,Residential,Verified,1
LAND258,3.48,8,8288587,4,7,Berhampur,Agricultural,Verified,0
LAND259,16.33,4,2853783,6,4,Berhampur,Agricultural,Verified,0
LAND260,15.14,12,7731636,10,3,Rourkela,Residential,Pending,1
LAND261,5.57,4,900663,2,7,Balasore,Agricultural,Verified,0
LAND262,22.16,5,3680101,4,4,Sambalpur,Commercial,Verified,0
LAND263,15.03,9,1655356,4,5,Berhampur,Commercial,Verified,0
LAND264,22.61,1,8514839,9,1,Berhampur,Commercial,Pending,1
LAND265,17.24,5,4869959,9,7,Puri,Residential,Verified,0
LAND266,10.48,12,3601811,10,5,Berhampur,Residential,Verified,1
LAND267,9.6,4,4787082,2,1,Sambalpur,Residential,Verified,0
LAND268,14.42,6,6572572,6,1,Berhampur,Commercial,Verified,0
LAND269,4.82,12,3682697,1,8,Cuttack,Commercial,Verified,0
LAND270,4.63,11,7165501,8,4,Rourkela,Commercial,Verified,1
LAND271,11.15,9,9210483,10,3,Sambalpur,Residential,Verified,1
LAND272,17.53,11,4163381,3,6,Puri,Residential,Verified,0
LAND273,6.69,7,3823075,8,6,Balasore,Residential,Verified,0
LAND274,14.79,1,6641787,3,5,Sambalpur,Residential,Pending,0
LAND275,23.82,12,3750777,9,7,Berhampur,Residential,Pending,1
LAND276,7.27,6,1381658,9,7,Puri,Agricultural,Pending,1
LAND277,8.25,8,6846713,10,0,Cuttack,Commercial,Verified,1
LAND278,22.31,8,801441,4,2,Sambalpur,Commercial,Verified,0
LAND279,5.39,1,6263940,3,0,Cuttack,Commercial,Verified,0
LAND280,1.92,5,8205669,3,4,Rourkela,Residential,Verified,0
LAND281,5.02,1,3053803,1,4,Sambalpur,Residential,Pending,0
LAND282,7.64,12,1062219,2,7,Balasore,Residential,Pending,1
LAND283,9.39,4,3353596,10,3,Bhubaneswar,Agricultural,Pending,0
LAND284,19.83,3,3638068,4,3,Berhampur,Residential,Pending,0
LAND285,15.28,7,2593715,4,3,Cuttack,Residential,Pending,0
LAND286,10.22,1,5621657,9,4,Cuttack,Agricultural,Verified,0
LAND287,20.34,3,4384887,2,7,Puri,Commercial,Verified,0
LAND288,4.05,8,3270912,9,7,Cuttack,Residential,Pending,1
LAND289,2.71,8,9420930,8,8,Cuttack,Agricultural,Verified,1
LAND290,11.92,9,3024921,10,2,Sambalpur,Agricultural,Verified,1
LAND291,17.39,5,8659769,4,3,Puri,Commercial,Verified,0
LAND292,20.21,1,5056637,9,2,Cuttack,Residential,Pending,1
LAND293,19.73,6,3421683,10,0,Berhampur,Residential,Verified,0
LAND294,14.81,2,663273,9,0,Puri,Residential,Verified,0
LAND295,8.09,5,9941464,5,7,Rourkela,Agricultural,Verified,0
LAND296,3.5,12,768525,3,4,Rourkela,Commercial,Pending,0
LAND297,9.19,10,5295272,8,8,Puri,Agricultural,Pending,1
LAND298,4.67,7,8010899,4,1,Sambalpur,Commercial,Pending,0
LAND299,12.42,3,7089349,1,1,Bhubaneswar,Residential,Verified,0
LAND300,6.69,8,9856408,6,6,Bhubaneswar,Agricultural,Verified,0
LAND301,23.44,12,4811701,8,4,Puri,Commercial,Pending,1
LAND302,23.71,10,5479831,6,4,Rourkela,Agricultural,Pending,1
LAND303,8.71,3,602023,6,5,Bhubaneswar,Commercial,Pending,0
LAND304,3.94,5,8272616,10,7,Balasore,Commercial,Pending,1
LAND305,3.93,10,8105771,6,0,Rourkela,Residential,Pending,0
LAND306,9.53,6,9540010,9,6,Bhubaneswar,Residential,Verified,0
LAND307,10.29,11,6440183,9,1,Cuttack,Agricultural,Verified,1
LAND308,14.62,1,5224572,1,6,Cuttack,Commercial,Verified,0
LAND309,12.36,4,315607,3,5,Bhubaneswar,Agricultural,Pending,0
LAND310,23.49,6,2091628,7,1,Balasore,Commercial,Verified,0
LAND311,8.25,11,2417156,3,1,Puri,Commercial,Pending,0
LAND312,22.51,5,9894245,9,4,Bhubaneswar,Agricultural,Verified,0
LAND313,21.72,7,5786199,4,7,Rourkela,Residential,Pending,1
LAND314,17.77,7,7008839,1,1,Sambalpur,Agricultural,Pending,0
LAND315,19.89,1,2915043,10,6,Balasore,Residential,Pending,1
LAND316,6.11,7,3437415,2,5,Puri,Commercial,Verified,0
LAND317,15.27,6,8587875,7,3,Puri,Residential,Verified,0
LAND318,18.45,8,2223796,10,6,Bhubaneswar,Agricultural,Pending,1
LAND319,23.62,6,6520506,6,4,Berhampur,Agricultural,Verified,0
LAND320,22.93,8,5041148,2,2,Sambalpur,Agricultural,Verified,0
LAND321,12.39,10,9159855,10,0,Balasore,Agricultural,Verified,1
LAND322,19.93,1,3253291,1,7,Berhampur,Residential,Verified,0
LAND323,15.92,12,662033,9,0,Puri,Residential,Verified,1
LAND324,3.59,10,8207258,3,7,Cuttack,Agricultural,Verified,0
LAND325,20.55,8,2929457,1,7,Sambalpur,Agricultural,Verified,1
LAND326,20.57,10,8767028,1,4,Rourkela,Residential,Pending,1
LAND327,18.54,2,6647238,1,8,Bhubaneswar,Residential,Verified,0
LAND328,7.29,4,4005003,2,0,Rourkela,Residential,Pending,0
LAND329,20.36,10,8475884,5,4,Berhampur,Residential,Pending,1
LAND330,13.22,2,1750097,5,4,Balasore,Commercial,Pending,0
LAND331,23.32,12,832826,7,6,Puri,Commercial,Verified,1
LAND332,19.36,10,5994228,9,0,Bhubaneswar,Residential,Verified,1
LAND333,20.11,11,993449,7,2,Rourkela,Agricultural,Verified,1
LAND334,6.81,2,8330808,8,1,Berhampur,Agricultural,Pending,0
LAND335,17.32,6,3086687,10,7,Berhampur,Residential,Verified,0
LAND336,3.39,12,5680569,8,0,Berhampur,Agricultural,Pending,1
LAND337,6.25,6,6174604,6,3,Cuttack,Agricultural,Pending,0
LAND338,23.63,9,5127716,2,1,Balasore,Residential,Verified,0
LAND339,10.45,12,1137551,9,1,Berhampur,Agricultural,Pending,1
LAND340,23.4,6,3506978,9,7,Balasore,Residential,Verified,1
LAND341,18.17,4,8548325,9,1,Sambalpur,Residential,Pending,1
LAND342,15.9,6,3981396,7,6,Sambalpur,Agricultural,Verified,0
LAND343,21.0,5,9399566,1,1,Puri,Agricultural,Pending,0
LAND344,13.45,7,7391649,1,8,Bhubaneswar,Commercial,Verified,0
LAND345,20.67,7,9721801,7,1,Sambalpur,Residential,Verified,0
LAND346,19.56,5,8329145,8,1,Puri,Commercial,Pending,1
LAND347,22.28,9,9678800,4,8,Puri,Agricultural,Verified,1
LAND348,6.55,4,1020045,7,7,Berhampur,Commercial,Verified,0
LAND349,18.76,6,1213400,5,2,Balasore,Commercial,Verified,0
LAND350,5.58,10,7619824,7,5,Puri,Residential,Pending,1
LAND351,8.56,4,5628997,8,0,Rourkela,Agricultural,Verified,0
LAND352,16.22,10,1399695,5,2,Puri,Agricultural,Pending,0
LAND353,23.71,10,2648970,10,6,Sambalpur,Agricultural,Verified,1
LAND354,10.38,10,957936,8,5,Cuttack,Commercial,Pending,1
LAND355,16.07,9,676481,6,3,Berhampur,Commercial,Verified,0
LAND356,20.23,3,6509180,7,6,Puri,Residential,Verified,1
LAND357,19.87,6,3728027,6,5,Puri,Commercial,Verified,0
LAND358,13.85,7,2066060,1,1,Sambalpur,Agricultural,Pending,0
LAND359,13.61,8,7836650,7,1,Rourkela,Residential,Verified,1
LAND360,23.47,10,7454218,2,0,Berhampur,Agricultural,Verified,0
LAND361,5.89,2,4425797,10,2,Rourkela,Agricultural,Verified,0
LAND362,3.64,6,2574663,5,0,Sambalpur,Agricultural,Verified,0
LAND363,8.29,1,3144730,8,1,Rourkela,Commercial,Verified,0
LAND364,7.13,9,4914903,5,3,Puri,Agricultural,Pending,0
LAND365,12.9,4,3266544,8,0,Puri,Agricultural,Verified,0
LAND366,14.66,5,8790668,8,1,Bhubaneswar,Agricultural,Pending,0
LAND367,18.67,5,935678,9,8,Puri,Commercial,Verified,1
LAND368,4.93,11,4797661,10,4,Puri,Commercial,Verified,1
LAND369,19.2,2,6629019,9,8,Cuttack,Agricultural,Pending,1
LAND370,15.8,3,3724359,10,0,Balasore,Agricultural,Verified,0
LAND371,17.44,9,2872791,3,7,Sambalpur,Residential,Pending,1
LAND372,6.55,7,2699135,2,3,Cuttack,Commercial,Pending,0
LAND373,21.31,8,3239373,6,2,Berhampur,Commercial,Pending,1
LAND374,19.77,3,397450,7,3,Cuttack,Commercial,Pending,1
LAND375,12.05,12,4887213,10,5,Sambalpur,Agricultural,Pending,1
LAND376,22.79,5,3584171,3,5,Bhubaneswar,Agricultural,Pending,0
LAND377,24.46,12,2793577,8,8,Puri,Agricultural,Verified,1
LAND378,12.12,12,4582195,5,8,Sambalpur,Residential,Pending,1
LAND379,22.8,10,7084505,2,0,Rourkela,Agricultural,Pending,1
LAND380,11.46,10,8735979,9,0,Rourkela,Agricultural,Pending,1
LAND381,1.72,2,3982408,7,1,Bhubaneswar,Commercial,Verified,0
LAND382,20.2,4,1851395,3,0,Cuttack,Commercial,Verified,0
LAND383,22.1,4,3710303,2,5,Puri,Commercial,Pending,0
LAND384,21.44,11,618735,9,7,Puri,Commercial,Verified,1
LAND385,24.9,9,538216,8,1,Cuttack,Agricultural,Pending,1
LAND386,2.63,2,7392736,3,4,Berhampur,Agricultural,Verified,0
LAND387,21.95,2,6531991,8,4,Puri,Agricultural,Verified,0
LAND388,13.17,12,6922709,7,2,Sambalpur,Residential,Verified,1
LAND389,17.66,4,2044477,6,7,Puri,Residential,Pending,0
LAND390,2.83,4,4745927,8,5,Balasore,Agricultural,Verified,0
LAND391,8.15,7,6491272,1,6,Balasore,Residential,Pending,0
LAND392,11.19,6,488233,10,5,Bhubaneswar,Agricultural,Verified,0
LAND393,13.3,8,9987921,1,0,Puri,Commercial,Pending,0
LAND394,24.39,8,4935159,10,8,Bhubaneswar,Agricultural,Verified,1
LAND395,1.66,9,4120945,1,8,Cuttack,Residential,Verified,0
LAND396,2.35,8,7017999,8,2,Cuttack,Residential,Pending,1
LAND397,18.79,4,9472393,10,3,Bhubaneswar,Residential,Verified,0
LAND398,10.2,8,7360715,2,7,Sambalpur,Agricultural,Pending,1
LAND399,8.02,4,1938129,1,5,Rourkela,Agricultural,Pending,0
LAND400,17.98,7,5466584,7,0,Balasore,Residential,Pending,0
LAND401,1.92,3,7553410,7,6,Cuttack,Residential,Verified,0
LAND402,1.75,9,7573361,9,6,Balasore,Residential,Verified,1
LAND403,24.6,2,1074383,8,6,Berhampur,Agricultural,Verified,1
LAND404,19.13,9,251132,7,1,Puri,Agricultural,Pending,1
LAND405,21.97,9,5720241,2,7,Bhubaneswar,Agricultural,Verified,1
LAND406,14.64,4,6552493,3,7,Berhampur,Residential,Verified,0
LAND407,1.44,1,2808103,4,6,Balasore,Commercial,Pending,0
LAND408,18.65,7,1432958,8,4,Bhubaneswar,Agricultural,Verified,0
LAND409,8.34,7,7402061,1,4,Cuttack,Agricultural,Pending,0
LAND410,15.63,3,2787490,5,3,Rourkela,Agricultural,Verified,0
LAND411,16.5,1,7840038,6,7,Cuttack,Commercial,Pending,0
LAND412,10.92,6,1812644,3,3,Berhampur,Agricultural,Verified,0
LAND413,16.69,11,4168731,9,3,Bhubaneswar,Agricultural,Pending,1
LAND414,18.79,6,6858209,2,6,Rourkela,Commercial,Pending,1
LAND415,21.29,12,917250,7,3,Cuttack,Agricultural,Verified,1
LAND416,11.34,10,7358460,6,2,Rourkela,Residential,Pending,0
LAND417,11.06,9,2306172,1,6,Berhampur,Commercial,Verified,0
LAND418,13.32,3,5860674,1,7,Bhubaneswar,Agricultural,Verified,0
LAND419,18.03,4,3010204,2,6,Cuttack,Residential,Verified,0
LAND420,3.03,7,243124,8,8,Bhubaneswar,Agricultural,Verified,0
LAND421,18.15,9,5341563,9,2,Cuttack,Residential,Pending,1
LAND422,8.13,4,2153226,6,4,Rourkela,Residential,Verified,0
LAND423,6.48,8,9914540,5,1,Cuttack,Agricultural,Pending,0
LAND424,23.61,8,529935,7,2,Rourkela,Commercial,Verified,1
LAND425,5.15,12,8750519,7,1,Cuttack,Residential,Pending,1
LAND426,16.42,9,3981429,8,8,Cuttack,Residential,Pending,1
LAND427,15.48,1,4647052,7,2,Balasore,Commercial,Verified,0
LAND428,7.9,5,1051159,10,2,Sambalpur,Commercial,Pending,0
LAND429,20.55,12,2629881,8,7,Bhubaneswar,Commercial,Verified,1
LAND430,17.1,6,6715411,3,6,Sambalpur,Agricultural,Verified,0
LAND431,14.19,3,7699003,5,2,Balasore,Residential,Verified,0
LAND432,17.43,2,3375298,2,5,Sambalpur,Residential,Verified,0
LAND433,19.18,9,6964863,8,7,Berhampur,Agricultural,Pending,1
LAND434,12.25,3,8390776,1,7,Bhubaneswar,Residential,Verified,0
LAND435,10.29,5,4694752,3,8,Cuttack,Agricultural,Pending,0
LAND436,8.1,2,2925758,2,2,Berhampur,Residential,Verified,0
LAND437,1.77,3,4685470,9,5,Balasore,Commercial,Verified,0
LAND438,21.55,12,3443056,6,7,Cuttack,Residential,Pending,1
LAND439,24.09,6,9469166,1,3,Balasore,Residential,Pending,0
LAND440,20.75,8,8218008,2,1,Rourkela,Residential,Verified,0
LAND441,12.07,10,9571796,7,3,Sambalpur,Agricultural,Verified,1
LAND442,2.23,9,6829733,2,4,Balasore,Residential,Pending,0
LAND443,23.11,6,5957966,6,0,Puri,Agricultural,Verified,0
LAND444,15.01,7,3783205,9,0,Sambalpur,Agricultural,Verified,0
LAND445,15.21,10,5277911,6,8,Balasore,Agricultural,Verified,0
LAND446,16.61,4,5671092,6,3,Rourkela,Commercial,Verified,0
LAND447,17.31,1,2683655,9,3,Berhampur,Residential,Verified,0
LAND448,23.14,4,1755074,6,1,Bhubaneswar,Residential,Pending,0
LAND449,15.88,10,4869338,9,8,Bhubaneswar,Commercial,Verified,1
LAND450,19.32,1,8949193,1,5,Bhubaneswar,Commercial,Verified,0
LAND451,4.55,11,2473309,7,6,Bhubaneswar,Residential,Pending,1
LAND452,16.06,10,2961017,8,0,Puri,Commercial,Verified,1
LAND453,23.07,3,3087121,9,6,Rourkela,Residential,Pending,1
LAND454,20.3,6,3068649,6,2,Bhubaneswar,Residential,Pending,0
LAND455,11.99,12,2445747,9,2,Puri,Residential,Pending,1
LAND456,20.28,7,7375923,8,3,Berhampur,Residential,Verified,0
LAND457,24.19,3,9814073,5,0,Berhampur,Commercial,Pending,0
LAND458,6.03,4,8182597,8,1,Berhampur,Agricultural,Verified,0
LAND459,22.08,12,5062603,2,2,Cuttack,Residential,Pending,1
LAND460,24.88,11,3153455,10,2,Sambalpur,Residential,Pending,1
LAND461,1.92,5,7353779,8,0,Sambalpur,Commercial,Verified,0
LAND462,3.93,7,6511092,6,3,Bhubaneswar,Residential,Verified,0
LAND463,13.33,11,8168934,8,6,Puri,Residential,Pending,1
LAND464,13.63,8,8024004,2,5,Balasore,Residential,Pending,0
LAND465,8.28,3,8312564,6,3,Cuttack,Commercial,Pending,0
LAND466,21.16,4,9084128,7,6,Bhubaneswar,Residential,Verified,1
LAND467,23.43,11,9598553,1,8,Sambalpur,Commercial,Pending,1
LAND468,9.29,6,5210911,5,3,Cuttack,Residential,Verified,0
LAND469,1.01,9,2221368,1,4,Berhampur,Residential,Verified,0
LAND470,7.9,6,6270257,1,1,Balasore,Commercial,Verified,0
LAND471,11.64,5,3260985,1,6,Berhampur,Agricultural,Verified,0
LAND472,16.35,2,6050510,3,2,Cuttack,Residential,Verified,0
LAND473,20.72,10,8321196,2,5,Berhampur,Commercial,Pending,1
LAND474,1.95,12,2883498,3,0,Cuttack,Agricultural,Verified,0
LAND475,19.81,9,6902963,8,4,Cuttack,Agricultural,Pending,1
LAND476,18.99,3,5867420,7,6,Balasore,Commercial,Verified,1
LAND477,13.83,3,9864269,4,3,Puri,Commercial,Pending,0
LAND478,13.25,11,4404600,4,7,Balasore,Agricultural,Pending,1
LAND479,22.81,7,7771673,6,8,Sambalpur,Residential,Pending,1
LAND480,18.44,3,3198363,5,5,Bhubaneswar,Commercial,Verified,0
LAND481,11.79,3,2016026,4,3,Sambalpur,Residential,Pending,0
LAND482,17.75,9,2800245,9,6,Berhampur,Residential,Pending,1
LAND483,12.47,5,8106327,8,7,Puri,Residential,Verified,0
LAND484,4.07,1,7682604,3,6,Rourkela,Agricultural,Pending,0
LAND485,2.69,5,3196851,7,7,Berhampur,Commercial,Pending,1
LAND486,19.81,3,4877826,4,8,Bhubaneswar,Commercial,Pending,1
LAND487,22.08,1,9662074,2,0,Sambalpur,Agricultural,Pending,0
LAND488,21.79,11,9139522,1,7,Puri,Commercial,Verified,1
LAND489,17.19,8,5449192,4,5,Rourkela,Commercial,Pending,0
LAND490,13.34,6,8452030,4,0,Sambalpur,Agricultural,Verified,0
LAND491,16.0,10,9949539,6,3,Balasore,Residential,Pending,0
LAND492,8.78,2,1713965,6,3,Rourkela,Commercial,Verified,0
LAND493,14.29,7,8616611,5,3,Sambalpur,Commercial,Verified,0
LAND494,11.35,12,2289614,4,2,Cuttack,Commercial,Pending,0
LAND495,7.03,4,143073,1,1,Balasore,Residential,Verified,0
LAND496,5.18,9,1696418,9,2,Balasore,Residential,Pending,1
LAND497,24.28,9,1100258,8,3,Puri,Agricultural,Pending,1
LAND498,19.57,9,4609245,6,8,Berhampur,Commercial,Pending,1
LAND499,18.38,9,6653634,8,3,Sambalpur,Agricultural,Verified,1
LAND500,3.55,11,8879549,10,5,Balasore,Agricultural,Verified,1
LAND501,16.04,7,9298874,7,2,Berhampur,Residential,Pending,0
LAND502,22.52,9,9085366,10,1,Balasore,Commercial,Pending,1
LAND503,23.43,3,349442,1,7,Bhubaneswar,Commercial,Verified,0
LAND504,17.64,1,2601693,6,8,Bhubaneswar,Agricultural,Pending,0
LAND505,21.45,7,7672938,9,1,Cuttack,Agricultural,Verified,0
LAND506,8.02,2,3448032,8,3,Cuttack,Agricultural,Pending,0
LAND507,18.65,9,5989431,4,1,Puri,Agricultural,Pending,1
LAND508,2.01,6,3660155,8,3,Rourkela,Residential,Pending,0
LAND509,3.29,1,6249684,8,8,Bhubaneswar,Agricultural,Verified,0
LAND510,4.84,10,9361147,8,0,Sambalpur,Residential,Verified,1
LAND511,9.09,12,789003,6,3,Cuttack,Residential,Pending,0
LAND512,3.16,11,1630450,10,8,Balasore,Agricultural,Verified,1
LAND513,15.14,10,4885106,4,7,Sambalpur,Residential,Verified,0
LAND514,8.01,8,3619348,10,5,Sambalpur,Agricultural,Verified,1
LAND515,21.94,6,2532526,9,2,Puri,Commercial,Verified,0
LAND516,23.89,6,3585116,8,4,Puri,Agricultural,Verified,0
LAND517,2.93,8,8579442,6,6,Berhampur,Residential,Verified,0
LAND518,3.23,1,2684565,5,0,Cuttack,Agricultural,Pending,0
LAND519,21.33,12,4863438,6,8,Sambalpur,Agricultural,Pending,1
LAND520,3.35,8,6384621,1,1,Puri,Residential,Verified,0
LAND521,4.76,1,8426856,6,8,Balasore,Residential,Pending,0
LAND522,24.05,3,2709011,9,7,Cuttack,Commercial,Verified,1
LAND523,15.69,8,4695467,5,6,Cuttack,Agricultural,Verified,0
LAND524,2.53,9,3222881,7,0,Berhampur,Agricultural,Pending,1
LAND525,13.4,11,9838003,5,1,Bhubaneswar,Commercial,Verified,0
LAND526,22.94,9,3622149,8,4,Rourkela,Agricultural,Verified,1
LAND527,16.84,10,9216608,1,0,Sambalpur,Residential,Verified,0
LAND528,7.17,10,9324705,10,8,Puri,Commercial,Pending,1
LAND529,22.69,11,1707122,2,7,Bhubaneswar,Commercial,Verified,1
LAND530,12.18,11,1145766,6,6,Sambalpur,Commercial,Pending,1
LAND531,15.78,7,4572946,1,7,Cuttack,Residential,Verified,0
LAND532,15.44,6,9260061,8,1,Balasore,Commercial,Verified,0
LAND533,18.57,11,6026706,1,7,Cuttack,Agricultural,Pending,1
LAND534,14.24,6,3441279,7,4,Bhubaneswar,Commercial,Verified,0
LAND535,18.08,9,6032959,7,3,Sambalpur,Commercial,Verified,1
LAND536,19.12,7,540067,5,5,Rourkela,Commercial,Verified,0
LAND537,5.14,4,8527367,4,8,Rourkela,Residential,Pending,0
LAND538,9.3,10,1846256,3,3,Cuttack,Commercial,Pending,0
LAND539,19.16,4,6848308,1,7,Cuttack,Agricultural,Verified,0
LAND540,10.25,4,8207903,5,8,Bhubaneswar,Agricultural,Pending,0
LAND541,13.91,1,8279266,5,3,Bhubaneswar,Residential,Pending,0
LAND542,16.24,7,2241186,3,2,Berhampur,Commercial,Pending,0
LAND543,18.2,2,7536395,9,3,Bhubaneswar,Agricultural,Verified,0
LAND544,20.89,1,7568732,5,6,Cuttack,Commercial,Pending,1
LAND545,19.62,6,7093641,10,2,Puri,Residential,Verified,0
LAND546,23.95,11,6598085,4,8,Rourkela,Residential,Pending,1
LAND547,9.61,1,9551926,1,7,Rourkela,Commercial,Verified,0
LAND548,9.49,1,1474949,5,1,Rourkela,Residential,Pending,0
LAND549,5.24,11,1244295,1,6,Bhubaneswar,Agricultural,Verified,0
LAND550,16.77,9,5090332,10,4,Puri,Commercial,Verified,1
LAND551,24.78,11,3354982,9,5,Cuttack,Agricultural,Pending,1
LAND552,19.33,10,5220253,1,5,Balasore,Agricultural,Verified,0
LAND553,13.71,11,6318444,8,2,Cuttack,Agricultural,Verified,1
LAND554,2.66,7,1235179,1,7,Bhubaneswar,Commercial,Verified,0
LAND555,5.87,8,8975609,8,6,Balasore,Commercial,Verified,1
LAND556,8.39,6,6805649,3,3,Rourkela,Agricultural,Pending,0
LAND557,7.91,9,5177102,8,4,Cuttack,Residential,Verified,1
LAND558,4.66,10,1411916,10,4,Puri,Commercial,Pending,1
LAND559,1.09,3,8484442,2,6,Balasore,Agricultural,Verified,0
LAND560,7.36,6,8540549,1,8,Puri,Residential,Verified,0
LAND561,12.4,4,4656046,2,2,Balasore,Agricultural,Pending,0
LAND562,8.62,11,6286208,7,2,Berhampur,Residential,Verified,1
LAND563,17.97,5,4909914,5,6,Sambalpur,Residential,Pending,0
LAND564,4.82,4,9766037,7,0,Rourkela,Commercial,Pending,0
LAND565,17.31,5,2269594,8,5,Bhubaneswar,Residential,Pending,0
LAND566,7.43,11,9342007,8,3,Rourkela,Residential,Pending,1
LAND567,11.34,1,8842733,3,8,Balasore,Commercial,Pending,0
LAND568,10.94,7,3020646,7,3,Berhampur,Commercial,Verified,0
LAND569,20.35,6,352076,5,7,Puri,Residential,Pending,1
LAND570,14.89,9,8005324,5,0,Bhubaneswar,Agricultural,Verified,0
LAND571,12.06,3,5239994,9,3,Sambalpur,Agricultural,Pending,0
LAND572,15.25,3,6713248,9,3,Cuttack,Residential,Pending,0
LAND573,16.46,1,6839035,3,6,Berhampur,Residential,Pending,0
LAND574,24.53,12,332718,5,1,Cuttack,Residential,Pending,1
LAND575,22.62,4,4580153,8,8,Puri,Commercial,Verified,1
LAND576,10.71,6,4762803,4,4,Balasore,Commercial,Pending,0
LAND577,11.62,9,8673788,7,4,Balasore,Agricultural,Pending,1
LAND578,4.08,11,3124038,7,3,Puri,Commercial,Verified,1
LAND579,15.31,8,731603,8,1,Rourkela,Commercial,Pending,1
LAND580,1.51,6,4086421,8,3,Cuttack,Residential,Verified,0
LAND581,10.76,6,3322378,9,0,Sambalpur,Agricultural,Pending,0
LAND582,17.25,9,3197469,2,8,Balasore,Commercial,Verified,0
LAND583,7.42,9,1196407,6,5,Balasore,Commercial,Verified,0
LAND584,19.05,8,7488390,7,8,Puri,Agricultural,Pending,1
LAND585,7.82,8,2802415,10,5,Balasore,Residential,Pending,1
LAND586,9.37,2,6492397,7,0,Sambalpur,Residential,Verified,0
LAND587,12.26,6,5504592,2,6,Sambalpur,Commercial,Verified,0
LAND588,19.57,9,8222449,9,6,Sambalpur,Residential,Pending,1
LAND589,7.28,12,220559,2,1,Berhampur,Residential,Verified,0
LAND590,16.93,6,6687805,10,4,Rourkela,Commercial,Verified,0
LAND591,10.64,1,9426609,7,2,Cuttack,Residential,Verified,0
LAND592,24.13,9,7422464,5,3,Berhampur,Agricultural,Verified,0
LAND593,23.66,5,6329072,3,5,Cuttack,Commercial,Pending,0
LAND594,15.05,12,4048392,8,2,Sambalpur,Commercial,Verified,1
LAND595,24.38,6,7411611,3,8,Rourkela,Residential,Verified,0
LAND596,12.76,12,2155214,5,2,Balasore,Commercial,Verified,0
LAND597,22.56,2,772420,10,8,Balasore,Residential,Verified,1
LAND598,7.05,10,9660603,7,1,Puri,Residential,Pending,1
LAND599,2.24,3,4018078,1,1,Cuttack,Residential,Pending,0
LAND600,16.39,8,1934722,1,5,Sambalpur,Commercial,Verified,0
LAND601,18.43,4,6022650,5,3,Berhampur,Agricultural,Verified,0
LAND602,9.18,6,9196917,3,4,Rourkela,Residential,Pending,0
LAND603,6.48,5,5049926,6,5,Sambalpur,Agricultural,Pending,0
LAND604,13.6,3,7106145,3,2,Sambalpur,Commercial,Verified,0
LAND605,15.41,8,9063832,5,5,Cuttack,Commercial,Pending,0
LAND606,14.18,8,614371,4,0,Sambalpur,Residential,Verified,0
LAND607,13.61,10,5360986,1,2,Berhampur,Residential,Pending,0
LAND608,15.39,9,8541854,9,8,Cuttack,Residential,Verified,1
LAND609,17.69,5,2756162,7,7,Balasore,Residential,Verified,0
LAND610,13.62,9,8373089,4,6,Balasore,Agricultural,Pending,1
LAND611,17.26,4,7783488,7,7,Balasore,Residential,Verified,0
LAND612,10.51,4,2433191,8,5,Cuttack,Agricultural,Pending,0
LAND613,21.16,4,9777253,2,4,Rourkela,Commercial,Verified,0
LAND614,7.22,6,7009318,3,5,Sambalpur,Residential,Verified,0
LAND615,6.08,4,7427177,10,8,Bhubaneswar,Commercial,Pending,1
LAND616,18.99,10,631473,8,8,Rourkela,Agricultural,Pending,1
LAND617,4.22,2,9210662,7,6,Puri,Agricultural,Verified,0
LAND618,13.75,10,7243034,9,6,Puri,Agricultural,Verified,1
LAND619,10.18,8,199139,2,7,Sambalpur,Agricultural,Pending,1
LAND620,19.18,10,4299485,2,8,Balasore,Residential,Pending,1
LAND621,14.39,1,1665581,6,8,Bhubaneswar,Agricultural,Verified,0
LAND622,24.08,11,6837826,4,6,Balasore,Commercial,Pending,1
LAND623,23.36,5,7491862,5,6,Puri,Residential,Verified,0
LAND624,12.07,3,9136645,4,6,Balasore,Commercial,Verified,0
LAND625,23.56,4,1052489,5,2,Bhubaneswar,Agricultural,Verified,0
LAND626,14.51,10,7039649,6,2,Bhubaneswar,Agricultural,Pending,0
LAND627,17.34,8,6784797,2,6,Sambalpur,Agricultural,Verified,0
LAND628,18.07,5,683804,2,8,Puri,Agricultural,Verified,0
LAND629,15.99,12,6930921,6,1,Sambalpur,Agricultural,Pending,0
LAND630,7.01,8,9729091,7,8,Cuttack,Commercial,Pending,1
LAND631,7.04,10,7043323,4,1,Puri,Commercial,Verified,0
LAND632,21.7,3,3538384,10,3,Rourkela,Agricultural,Verified,0
LAND633,16.27,1,7040496,2,3,Puri,Residential,Verified,0
LAND634,11.48,11,9745176,2,5,Rourkela,Agricultural,Verified,0
LAND635,14.78,10,699574,9,2,Rourkela,Agricultural,Pending,1
LAND636,13.01,12,1080682,8,0,Bhubaneswar,Residential,Verified,1
LAND637,9.34,1,7886351,2,7,Cuttack,Agricultural,Verified,0
LAND638,6.75,8,8737012,6,1,Cuttack,Agricultural,Pending,0
LAND639,19.3,4,2022302,6,2,Berhampur,Residential,Verified,0
LAND640,4.78,10,3509558,7,8,Bhubaneswar,Agricultural,Pending,1
LAND641,4.09,1,5992238,1,4,Bhubaneswar,Residential,Verified,0
LAND642,8.64,11,6107007,8,7,Cuttack,Commercial,Pending,1
LAND643,19.07,5,9103926,8,5,Rourkela,Agricultural,Pending,1
LAND644,20.07,10,2944446,3,2,Bhubaneswar,Residential,Pending,1
LAND645,22.82,6,9409211,4,5,Berhampur,Commercial,Verified,0
LAND646,16.14,11,4684454,1,1,Cuttack,Agricultural,Pending,0
LAND647,18.18,5,525004,2,0,Berhampur,Residential,Verified,0
LAND648,22.68,3,3150284,10,2,Berhampur,Residential,Verified,0
LAND649,15.92,2,1789971,3,5,Balasore,Residential,Pending,0
LAND650,3.5,4,8972057,4,4,Cuttack,Agricultural,Verified,0
LAND651,1.06,12,7291609,7,2,Berhampur,Residential,Verified,1
LAND652,18.93,11,468385,10,3,Bhubaneswar,Agricultural,Verified,1
LAND653,7.8,2,7296969,2,1,Balasore,Residential,Verified,0
LAND654,5.7,5,3999644,8,3,Bhubaneswar,Residential,Pending,0
LAND655,1.83,6,8544419,7,1,Sambalpur,Commercial,Verified,0
LAND656,11.61,4,3370465,9,0,Balasore,Agricultural,Pending,0
LAND657,4.01,10,3671602,7,1,Berhampur,Commercial,Verified,1
LAND658,20.35,2,7599700,3,8,Cuttack,Commercial,Verified,0
LAND659,23.63,9,5578196,3,3,Balasore,Residential,Verified,0
LAND660,18.02,10,3650785,3,1,Berhampur,Agricultural,Verified,0
LAND661,24.95,5,3205211,6,2,Cuttack,Commercial,Verified,0
LAND662,23.8,9,6649544,8,1,Balasore,Agricultural,Pending,1
LAND663,12.01,11,2277191,1,6,Cuttack,Agricultural,Verified,0
LAND664,4.24,9,112087,10,8,Sambalpur,Residential,Pending,1
LAND665,11.98,1,3975514,5,2,Berhampur,Commercial,Verified,0
LAND666,13.33,11,6468506,6,1,Berhampur,Agricultural,Verified,0
LAND667,15.02,1,8229933,6,2,Sambalpur,Residential,Verified,0
LAND668,8.29,3,5459334,7,6,Puri,Residential,Pending,1
LAND669,9.84,12,2296368,9,5,Cuttack,Residential,Pending,1
LAND670,11.43,8,3221046,6,5,Berhampur,Residential,Verified,0
LAND671,10.75,4,7091424,2,2,Sambalpur,Residential,Pending,0
LAND672,10.09,10,1544867,8,3,Puri,Agricultural,Verified,1
LAND673,16.98,1,8053121,9,1,Cuttack,Agricultural,Verified,0
LAND674,11.21,7,8770745,5,5,Balasore,Commercial,Pending,0
LAND675,18.28,11,806241,6,0,Bhubaneswar,Commercial,Verified,0
LAND676,5.07,9,750388,7,5,Rourkela,Commercial,Pending,1
LAND677,19.17,4,2597245,1,0,Sambalpur,Residential,Pending,0
LAND678,21.52,6,3605218,1,5,Berhampur,Residential,Verified,0
LAND679,23.46,12,9164096,9,6,Puri,Commercial,Pending,1
LAND680,24.02,1,8693248,6,5,Berhampur,Residential,Verified,0
LAND681,18.91,12,4144911,8,2,Cuttack,Commercial,Verified,1
LAND682,23.32,11,4487176,6,3,Puri,Residential,Verified,0
LAND683,9.07,11,582515,2,5,Balasore,Residential,Verified,0
LAND684,5.75,9,7359588,8,8,Berhampur,Agricultural,Verified,1
LAND685,15.5,2,1488520,6,5,Cuttack,Agricultural,Verified,0
LAND686,21.68,12,7434848,3,5,Sambalpur,Commercial,Verified,0
LAND687,9.24,10,9224010,4,4,Balasore,Commercial,Verified,0
LAND688,10.62,10,5744153,10,5,Bhubaneswar,Agricultural,Pending,1
LAND689,22.4,9,9402038,4,0,Bhubaneswar,Commercial,Pending,1
LAND690,7.51,10,6166820,1,2,Sambalpur,Agricultural,Verified,0
LAND691,20.3,5,7808197,9,7,Balasore,Residential,Verified,1
LAND692,24.24,11,9769646,10,5,Balasore,Residential,Pending,1
LAND693,18.95,5,4069383,6,6,Balasore,Commercial,Verified,0
LAND694,20.67,12,4448492,6,3,Rourkela,Residential,Pending,1
LAND695,8.45,4,3438342,7,1,Cuttack,Commercial,Verified,0
LAND696,4.43,3,8557492,5,6,Berhampur,Commercial,Verified,0
LAND697,7.64,5,4080109,7,4,Bhubaneswar,Commercial,Pending,0
LAND698,16.52,5,6660576,4,3,Balasore,Agricultural,Pending,0
LAND699,24.0,9,8413242,6,3,Rourkela,Commercial,Verified,0
LAND700,23.13,10,3653269,5,5,Balasore,Residential,Pending,1
LAND701,19.62,7,9263420,1,1,Sambalpur,Residential,Pending,0
LAND702,8.77,11,3829268,1,0,Puri,Commercial,Verified,0
LAND703,15.8,12,2291952,7,2,Puri,Residential,Verified,1
LAND704,3.58,6,4663951,3,4,Sambalpur,Agricultural,Pending,0
LAND705,16.16,4,5934768,7,2,Sambalpur,Commercial,Verified,0
LAND706,23.47,3,7778599,2,8,Puri,Commercial,Pending,1
LAND707,6.02,10,5710514,6,7,Berhampur,Residential,Verified,0
LAND708,6.63,8,8695036,5,4,Sambalpur,Commercial,Verified,0
LAND709,11.3,5,9266778,4,6,Puri,Agricultural,Pending,0
LAND710,12.88,4,643592,2,6,Berhampur,Commercial,Verified,0
LAND711,23.48,4,8711115,3,1,Balasore,Agricultural,Pending,0
LAND712,21.54,7,8726753,9,8,Rourkela,Agricultural,Verified,1
LAND713,8.51,4,6440169,10,5,Bhubaneswar,Residential,Verified,0
LAND714,3.22,10,4540294,7,3,Bhubaneswar,Residential,Pending,1
LAND715,23.49,12,9241099,7,8,Bhubaneswar,Agricultural,Pending,1
LAND716,21.09,8,3365888,7,2,Cuttack,Commercial,Pending,1
LAND717,19.12,12,3613069,8,7,Balasore,Residential,Verified,1
LAND718,8.1,3,4114547,7,5,Cuttack,Residential,Pending,0
LAND719,8.74,4,9762614,3,7,Berhampur,Residential,Pending,0
LAND720,3.03,8,6698605,2,3,Rourkela,Agricultural,Pending,0
LAND721,13.73,6,3852339,5,7,Cuttack,Residential,Verified,0
LAND722,9.24,2,5419202,7,5,Sambalpur,Agricultural,Pending,0
LAND723,15.97,6,5568124,6,7,Bhubaneswar,Agricultural,Pending,0
LAND724,4.94,12,1023490,7,6,Bhubaneswar,Commercial,Verified,1
LAND725,8.12,4,6826641,9,1,Bhubaneswar,Residential,Pending,0
LAND726,1.72,4,2585985,6,1,Balasore,Commercial,Verified,0
LAND727,11.21,10,883815,9,3,Sambalpur,Agricultural,Pending,1
LAND728,24.65,8,9021513,9,4,Berhampur,Residential,Pending,1
LAND729,14.19,4,3946957,8,8,Bhubaneswar,Residential,Pending,1
LAND730,9.38,5,3785362,5,7,Puri,Commercial,Verified,0
LAND731,21.06,12,185610,5,4,Berhampur,Agricultural,Pending,1
LAND732,4.42,2,8213482,2,4,Bhubaneswar,Residential,Verified,0
LAND733,9.14,11,8455003,6,2,Bhubaneswar,Residential,Verified,0
LAND734,20.2,4,9872445,3,0,Berhampur,Agricultural,Verified,0
LAND735,5.6,12,6198281,3,0,Cuttack,Residential,Verified,0
LAND736,21.33,10,1287875,8,4,Rourkela,Residential,Pending,1
LAND737,10.87,4,8136801,8,0,Sambalpur,Residential,Verified,0
LAND738,3.4,11,9402642,5,1,Puri,Residential,Verified,0
LAND739,18.36,2,5964297,9,7,Bhubaneswar,Commercial,Pending,1
LAND740,22.91,2,392671,9,2,Bhubaneswar,Residential,Pending,1
LAND741,1.38,1,2054897,8,1,Cuttack,Agricultural,Pending,0
LAND742,14.83,11,5367532,10,6,Sambalpur,Commercial,Verified,1
LAND743,21.64,6,5838369,5,8,Puri,Commercial,Pending,1
LAND744,21.38,10,6997333,7,3,Puri,Residential,Verified,1
LAND745,11.25,8,2994344,8,1,Cuttack,Residential,Verified,1
LAND746,5.71,7,1527188,5,6,Bhubaneswar,Agricultural,Verified,0
LAND747,23.34,1,4024304,2,5,Berhampur,Commercial,Verified,0
LAND748,4.2,6,1428336,9,6,Cuttack,Residential,Verified,0
LAND749,2.22,6,9038705,3,7,Sambalpur,Residential,Verified,0
LAND750,3.32,6,6209054,8,5,Cuttack,Agricultural,Verified,0
LAND751,14.77,6,2511036,4,6,Balasore,Residential,Verified,0
LAND752,6.26,6,3112527,5,4,Puri,Agricultural,Verified,0
LAND753,12.42,9,9563676,8,4,Cuttack,Residential,Pending,1
LAND754,23.74,6,7989333,4,8,Rourkela,Agricultural,Verified,0
LAND755,14.01,8,5638467,3,6,Cuttack,Commercial,Verified,0
LAND756,21.9,11,6919501,2,7,Rourkela,Commercial,Pending,1
LAND757,10.34,11,4149689,7,4,Puri,Commercial,Verified,1
LAND758,11.25,3,9418867,1,3,Berhampur,Commercial,Pending,0
LAND759,14.64,8,9279200,8,5,Rourkela,Commercial,Verified,1
LAND760,3.08,4,8588382,4,0,Cuttack,Residential,Verified,0
LAND761,7.34,8,882904,10,0,Rourkela,Agricultural,Pending,1
LAND762,6.24,2,3021431,1,1,Cuttack,Residential,Pending,0
LAND763,14.27,1,5807323,1,0,Rourkela,Residential,Pending,0
LAND764,4.63,8,5658920,5,7,Puri,Residential,Pending,1
LAND765,10.89,1,4375073,6,0,Rourkela,Residential,Verified,0
LAND766,5.44,11,4911946,6,6,Puri,Agricultural,Verified,0
LAND767,17.03,3,1406660,8,2,Puri,Residential,Verified,0
LAND768,12.0,11,7505499,5,7,Cuttack,Commercial,Verified,0
LAND769,15.72,2,1822356,9,1,Puri,Residential,Pending,0
LAND770,1.61,11,7345930,3,2,Bhubaneswar,Residential,Pending,0
LAND771,20.77,8,6327603,6,1,Puri,Commercial,Verified,0
LAND772,1.94,12,4213511,5,3,Bhubaneswar,Commercial,Pending,0
LAND773,16.32,12,1121905,2,4,Sambalpur,Commercial,Verified,0
LAND774,9.64,11,6633690,4,7,Puri,Residential,Pending,1
LAND775,13.78,9,7323040,3,7,Sambalpur,Commercial,Verified,0
LAND776,19.53,1,6992545,10,1,Cuttack,Agricultural,Verified,0
LAND777,10.39,7,7228500,4,3,Berhampur,Residential,Pending,0
LAND778,16.56,1,2473815,1,0,Rourkela,Commercial,Pending,0
LAND779,24.01,12,8289488,3,7,Rourkela,Residential,Verified,1
LAND780,21.53,4,1992578,4,3,Bhubaneswar,Commercial,Verified,0
LAND781,13.57,8,7742827,8,2,Puri,Commercial,Verified,1
LAND782,9.14,1,2755496,7,0,Rourkela,Residential,Verified,0
LAND783,8.69,7,7558135,7,3,Cuttack,Commercial,Verified,0
LAND784,18.67,9,6541813,6,7,Puri,Agricultural,Pending,1
LAND785,7.01,11,2532659,6,6,Berhampur,Residential,Verified,0
LAND786,3.09,9,2830457,1,7,Rourkela,Commercial,Verified,0
LAND787,20.04,5,2174923,2,5,Berhampur,Commercial,Pending,0
LAND788,11.39,10,2996741,4,5,Sambalpur,Residential,Verified,0
LAND789,10.65,9,1021089,5,0,Puri,Residential,Verified,0
LAND790,16.86,12,3294508,2,6,Puri,Agricultural,Verified,0
LAND791,17.5,4,3177474,2,1,Berhampur,Agricultural,Verified,0
LAND792,4.8,1,4937639,10,8,Puri,Agricultural,Pending,1
LAND793,15.08,10,9245155,3,5,Sambalpur,Agricultural,Pending,0
LAND794,3.61,8,3742848,6,7,Puri,Commercial,Pending,1
LAND795,20.57,12,1248266,7,1,Puri,Commercial,Pending,1
LAND796,17.2,8,5598948,8,0,Balasore,Residential,Pending,1
LAND797,2.34,6,6180330,4,1,Berhampur,Commercial,Verified,0
LAND798,4.21,1,5763348,8,1,Rourkela,Residential,Pending,0
LAND799,16.03,6,3164337,8,3,Cuttack,Commercial,Verified,0
LAND800,19.22,2,7052121,7,2,Berhampur,Agricultural,Pending,1
LAND801,7.41,8,5502474,10,6,Rourkela,Commercial,Verified,1
LAND802,15.47,12,4349700,2,0,Balasore,Commercial,Verified,0
LAND803,10.6,2,7498604,6,6,Puri,Commercial,Pending,0
LAND804,5.06,2,9944192,2,2,Sambalpur,Commercial,Verified,0
LAND805,20.81,3,4173628,5,1,Balasore,Commercial,Pending,0
LAND806,20.39,1,1392355,9,8,Berhampur,Agricultural,Pending,1
LAND807,17.14,6,4584313,4,1,Bhubaneswar,Agricultural,Pending,0
LAND808,18.21,5,6981516,6,5,Balasore,Agricultural,Verified,0
LAND809,20.66,6,8927725,10,0,Bhubaneswar,Agricultural,Pending,1
LAND810,12.68,10,9727214,8,0,Balasore,Residential,Verified,1
LAND811,6.18,2,5713106,2,1,Puri,Residential,Pending,0
LAND812,5.14,11,172216,4,7,Berhampur,Residential,Pending,1
LAND813,16.5,7,3004342,4,6,Berhampur,Residential,Pending,0
LAND814,23.48,2,6089046,5,5,Cuttack,Agricultural,Pending,0
LAND815,6.48,12,5993743,1,4,Berhampur,Agricultural,Verified,0
LAND816,12.9,5,6013141,1,0,Rourkela,Agricultural,Verified,0
LAND817,15.47,5,5620571,7,1,Bhubaneswar,Commercial,Pending,0
LAND818,4.01,3,9007300,1,7,Balasore,Residential,Verified,0
LAND819,11.81,9,638621,6,4,Cuttack,Commercial,Pending,0
LAND820,7.03,11,660941,2,7,Cuttack,Commercial,Verified,0
LAND821,1.99,4,2924493,2,4,Puri,Commercial,Pending,0
LAND822,13.19,3,6275311,7,6,Sambalpur,Commercial,Verified,0
LAND823,10.27,10,3500021,10,3,Bhubaneswar,Agricultural,Pending,1
LAND824,13.59,6,6407687,3,6,Balasore,Residential,Pending,0
LAND825,2.74,10,5489708,9,4,Berhampur,Commercial,Verified,1
LAND826,9.34,3,3055244,5,0,Balasore,Agricultural,Pending,0
LAND827,8.0,9,1857705,10,5,Rourkela,Agricultural,Verified,1
LAND828,1.88,9,3270696,7,4,Balasore,Commercial,Verified,1
LAND829,21.06,6,6311316,9,2,Balasore,Residential,Verified,0
LAND830,17.79,8,6589132,7,7,Cuttack,Residential,Verified,1
LAND831,16.57,4,7087138,8,8,Cuttack,Residential,Pending,1
LAND832,10.16,4,9710731,3,4,Sambalpur,Agricultural,Pending,0
LAND833,21.87,3,9910729,5,1,Balasore,Commercial,Pending,0
LAND834,12.85,2,598477,1,6,Rourkela,Agricultural,Pending,0
LAND835,11.1,12,6696696,4,1,Rourkela,Residential,Verified,0
LAND836,2.9,11,4080414,6,2,Bhubaneswar,Residential,Verified,0
LAND837,9.62,2,2250980,5,8,Cuttack,Agricultural,Verified,0
LAND838,7.07,2,5030254,5,1,Cuttack,Agricultural,Pending,0
LAND839,2.07,6,1288135,8,6,Rourkela,Commercial,Pending,1
LAND840,14.11,11,2790313,3,4,Cuttack,Residential,Verified,0
LAND841,12.26,7,1718802,5,5,Bhubaneswar,Commercial,Pending,0
LAND842,15.99,8,7348300,3,6,Berhampur,Agricultural,Verified,0
LAND843,15.0,11,8577087,7,2,Sambalpur,Residential,Verified,1
LAND844,23.42,9,2265179,4,4,Berhampur,Commercial,Verified,0
LAND845,24.87,5,9414322,3,3,Berhampur,Commercial,Verified,0
LAND846,3.42,6,7911143,9,8,Cuttack,Residential,Pending,1
LAND847,24.85,7,8004226,5,4,Berhampur,Commercial,Pending,0
LAND848,14.36,10,8439467,7,1,Rourkela,Agricultural,Verified,1
LAND849,19.77,6,8882028,1,2,Berhampur,Residential,Pending,0
LAND850,23.33,3,2820728,5,3,Puri,Commercial,Pending,0
LAND851,9.19,7,2095249,10,7,Puri,Residential,Verified,0
LAND852,14.25,6,2796031,2,0,Rourkela,Commercial,Pending,0
LAND853,24.04,9,495568,2,1,Sambalpur,Residential,Verified,0
LAND854,6.49,7,8757585,4,0,Sambalpur,Agricultural,Pending,0
LAND855,10.84,8,6279399,4,8,Berhampur,Residential,Verified,0
LAND856,3.09,1,7269711,3,1,Puri,Agricultural,Verified,0
LAND857,10.5,3,6738092,7,0,Balasore,Agricultural,Verified,0
LAND858,24.94,5,3191296,2,7,Cuttack,Commercial,Verified,0
LAND859,13.51,3,3090202,6,5,Rourkela,Agricultural,Pending,0
LAND860,9.4,4,7287988,6,8,Rourkela,Commercial,Pending,0
LAND861,10.89,1,8143192,9,2,Cuttack,Residential,Pending,0
LAND862,12.71,10,9146790,4,5,Berhampur,Agricultural,Pending,0
LAND863,15.01,12,1330014,3,1,Puri,Residential,Pending,0
LAND864,11.38,4,5438584,1,0,Rourkela,Agricultural,Pending,0
LAND865,23.82,2,5600438,6,8,Bhubaneswar,Commercial,Pending,1
LAND866,14.97,7,7282173,6,8,Balasore,Agricultural,Verified,0
LAND867,10.95,7,6356329,7,5,Sambalpur,Agricultural,Pending,0
LAND868,5.65,7,2190255,6,3,Balasore,Commercial,Pending,0
LAND869,21.47,6,6047403,7,1,Puri,Residential,Pending,1
LAND870,15.97,5,8435137,6,3,Berhampur,Commercial,Verified,0
LAND871,10.25,6,9238150,2,5,Cuttack,Commercial,Pending,0
LAND872,21.57,6,5614921,6,3,Cuttack,Commercial,Verified,0
LAND873,5.15,8,8676068,10,8,Rourkela,Agricultural,Pending,1
LAND874,11.01,7,5687174,6,8,Berhampur,Commercial,Verified,0
LAND875,8.52,2,3842798,8,0,Bhubaneswar,Commercial,Verified,0
LAND876,20.12,12,7468547,8,0,Rourkela,Agricultural,Verified,1
LAND877,22.21,10,4564671,9,8,Berhampur,Residential,Verified,1
LAND878,24.15,4,657232,1,5,Bhubaneswar,Residential,Pending,0
LAND879,11.4,2,5784186,7,5,Cuttack,Commercial,Pending,0
LAND880,17.22,7,2364819,2,1,Bhubaneswar,Agricultural,Pending,0
LAND881,20.51,5,5832833,10,3,Cuttack,Commercial,Pending,1
LAND882,6.24,5,6105161,5,3,Cuttack,Residential,Pending,0
LAND883,19.77,1,7843733,1,8,Berhampur,Commercial,Pending,1
LAND884,9.43,3,6604433,4,0,Bhubaneswar,Agricultural,Pending,0
LAND885,10.52,9,4595855,9,5,Puri,Agricultural,Pending,1
LAND886,3.46,7,8107715,3,7,Berhampur,Agricultural,Verified,0
LAND887,5.27,7,9181164,1,6,Bhubaneswar,Residential,Verified,0
LAND888,16.2,4,5446698,10,4,Bhubaneswar,Residential,Verified,0
LAND889,5.8,2,5989722,4,4,Bhubaneswar,Commercial,Verified,0
LAND890,5.75,10,9883314,9,6,Balasore,Commercial,Verified,1
LAND891,9.7,9,1096348,7,6,Rourkela,Agricultural,Pending,1
LAND892,5.26,2,8913417,7,4,Balasore,Commercial,Pending,0
LAND893,18.64,6,5471801,6,6,Puri,Residential,Pending,1
LAND894,19.78,10,7625265,3,7,Bhubaneswar,Agricultural,Pending,1
LAND895,17.87,8,4482372,4,2,Rourkela,Commercial,Verified,0
LAND896,12.97,4,3452900,7,1,Rourkela,Residential,Verified,0
LAND897,1.75,5,3027404,6,2,Balasore,Residential,Verified,0
LAND898,18.78,2,7785000,1,3,Berhampur,Agricultural,Pending,0
LAND899,9.36,11,6433667,2,5,Balasore,Commercial,Pending,0
LAND900,16.7,8,7370381,3,7,Cuttack,Residential,Verified,0
LAND901,6.41,5,1203386,10,4,Balasore,Residential,Pending,0
LAND902,13.14,1,4568190,6,3,Sambalpur,Agricultural,Verified,0
LAND903,8.53,11,892683,7,0,Cuttack,Commercial,Verified,1
LAND904,7.61,10,5568623,2,2,Puri,Agricultural,Verified,0
LAND905,17.75,9,6672654,9,6,Sambalpur,Commercial,Pending,1
LAND906,16.73,12,2590104,8,4,Berhampur,Commercial,Pending,1
LAND907,6.38,8,7225956,8,5,Rourkela,Commercial,Pending,1
LAND908,16.41,10,5479209,9,6,Balasore,Commercial,Verified,1
LAND909,4.39,6,3879968,10,5,Balasore,Residential,Pending,0
LAND910,11.57,1,1146761,8,6,Berhampur,Commercial,Pending,1
LAND911,11.19,6,2678798,10,6,Puri,Agricultural,Pending,1
LAND912,12.36,10,1772444,3,4,Sambalpur,Residential,Pending,0
LAND913,14.59,2,3897502,7,1,Cuttack,Agricultural,Verified,0
LAND914,16.45,2,7918627,8,2,Balasore,Commercial,Pending,0
LAND915,8.51,10,6226256,1,2,Berhampur,Commercial,Pending,0
LAND916,18.37,8,2849946,5,4,Berhampur,Agricultural,Verified,0
LAND917,6.66,1,7021143,4,8,Bhubaneswar,Agricultural,Pending,0
LAND918,9.71,12,9598711,1,5,Cuttack,Agricultural,Verified,0
LAND919,16.04,9,8426245,3,8,Balasore,Commercial,Pending,1
LAND920,16.82,5,6823575,9,5,Balasore,Commercial,Pending,0
LAND921,20.13,7,9871188,1,0,Rourkela,Agricultural,Verified,0
LAND922,12.85,8,8942782,9,4,Puri,Agricultural,Verified,1
LAND923,13.08,6,8774138,8,7,Bhubaneswar,Residential,Pending,1
LAND924,1.91,6,1683021,7,1,Bhubaneswar,Agricultural,Pending,0
LAND925,11.49,1,5734274,1,3,Bhubaneswar,Commercial,Verified,0
LAND926,8.8,10,2058081,5,2,Puri,Commercial,Verified,0
LAND927,8.17,1,4136301,9,1,Puri,Agricultural,Verified,0
LAND928,14.56,9,5322421,4,2,Rourkela,Residential,Pending,0
LAND929,5.24,8,3400025,6,5,Berhampur,Residential,Verified,0
LAND930,20.89,10,4565075,10,2,Berhampur,Commercial,Verified,1
LAND931,16.19,8,7552056,1,4,Rourkela,Commercial,Pending,0
LAND932,3.43,9,6222420,9,5,Berhampur,Commercial,Verified,1
LAND933,1.4,9,7656507,7,1,Balasore,Residential,Pending,1
LAND934,12.23,1,9924370,7,1,Sambalpur,Commercial,Verified,0
LAND935,16.51,4,2572285,6,5,Cuttack,Residential,Verified,0
LAND936,5.06,7,5421670,9,6,Balasore,Agricultural,Pending,1
LAND937,19.31,5,2010709,2,3,Balasore,Agricultural,Verified,0
LAND938,18.9,10,573178,9,3,Cuttack,Commercial,Pending,1
LAND939,11.21,11,9449827,2,0,Rourkela,Residential,Pending,0
LAND940,3.32,6,2850712,5,4,Cuttack,Agricultural,Verified,0
LAND941,23.37,4,6745616,3,8,Berhampur,Commercial,Pending,1
LAND942,2.94,2,6694382,10,4,Balasore,Commercial,Verified,0
LAND943,11.35,7,3993915,6,1,Sambalpur,Agricultural,Pending,0
LAND944,13.77,5,2176390,2,1,Bhubaneswar,Commercial,Pending,0
LAND945,12.24,10,2695774,7,0,Berhampur,Commercial,Verified,1
LAND946,10.44,7,9923102,10,5,Sambalpur,Commercial,Pending,0
LAND947,4.75,7,6459254,10,0,Rourkela,Residential,Pending,0
LAND948,20.24,12,8235560,7,3,Sambalpur,Commercial,Verified,1
LAND949,16.31,5,5241587,3,1,Sambalpur,Residential,Pending,0
LAND950,13.46,2,2921652,9,0,Rourkela,Residential,Verified,0
LAND951,10.67,1,1819138,3,2,Cuttack,Residential,Pending,0
LAND952,20.59,9,7156134,9,8,Puri,Residential,Pending,1
LAND953,19.13,6,2471958,9,3,Balasore,Commercial,Verified,0
LAND954,11.35,2,1248783,10,0,Sambalpur,Commercial,Pending,0
LAND955,3.85,7,2318744,6,7,Puri,Commercial,Verified,0
LAND956,14.77,2,4075582,10,7,Sambalpur,Agricultural,Verified,0
LAND957,17.91,3,1082220,4,1,Cuttack,Residential,Pending,0
LAND958,1.68,8,2796416,10,1,Rourkela,Agricultural,Pending,1
LAND959,20.88,7,9129903,2,1,Sambalpur,Residential,Pending,0
LAND960,8.89,10,7923374,5,1,Sambalpur,Commercial,Pending,0
LAND961,22.45,2,5536465,6,6,Puri,Agricultural,Verified,0
LAND962,16.99,3,3148459,5,2,Rourkela,Commercial,Pending,0
LAND963,18.89,4,6719854,5,6,Rourkela,Agricultural,Pending,1
LAND964,19.69,6,8469732,5,6,Berhampur,Residential,Pending,1
LAND965,6.24,1,9179513,5,7,Bhubaneswar,Agricultural,Verified,0
LAND966,8.46,8,1561374,1,5,Rourkela,Commercial,Pending,0
LAND967,9.0,7,976625,1,4,Berhampur,Agricultural,Pending,0
LAND968,24.03,11,6417056,10,3,Bhubaneswar,Residential,Verified,1
LAND969,2.91,3,9387070,2,3,Bhubaneswar,Agricultural,Pending,0
LAND970,11.07,3,907119,8,8,Sambalpur,Agricultural,Pending,1
LAND971,2.29,2,1280766,3,8,Balasore,Commercial,Pending,0
LAND972,3.91,10,9728623,10,6,Berhampur,Agricultural,Verified,1
LAND973,8.2,8,6579971,10,4,Rourkela,Commercial,Pending,1
LAND974,7.94,10,3062307,7,3,Berhampur,Residential,Pending,1
LAND975,18.52,2,1950429,10,7,Puri,Commercial,Pending,1
LAND976,2.79,7,9966077,8,4,Cuttack,Residential,Verified,0
LAND977,10.96,9,4111146,8,1,Rourkela,Agricultural,Verified,1
LAND978,11.87,12,3763851,8,3,Berhampur,Agricultural,Verified,1
LAND979,9.98,9,187496,6,8,Bhubaneswar,Residential,Pending,1
LAND980,24.07,4,8033264,8,5,Berhampur,Agricultural,Pending,1
LAND981,13.51,10,2966544,9,8,Balasore,Agricultural,Pending,1
LAND982,20.97,8,8170034,8,1,Balasore,Commercial,Pending,1
LAND983,24.18,4,2482144,5,7,Berhampur,Residential,Pending,1
LAND984,21.26,11,2687436,9,6,Cuttack,Commercial,Pending,1
LAND985,6.59,1,179819,1,3,Rourkela,Agricultural,Pending,0
LAND986,19.34,11,7383981,6,4,Balasore,Residential,Verified,0
LAND987,3.56,9,8966430,4,6,Cuttack,Agricultural,Pending,1
LAND988,20.56,5,8604874,3,1,Balasore,Residential,Pending,0
LAND989,14.18,4,4445045,3,7,Bhubaneswar,Residential,Pending,0
LAND990,12.62,3,692314,10,3,Sambalpur,Residential,Pending,0
LAND991,16.58,6,7065068,3,4,Cuttack,Residential,Pending,0
LAND992,17.74,7,2070635,5,3,Balasore,Residential,Pending,0
LAND993,1.24,2,3817524,3,6,Cuttack,Commercial,Verified,0
LAND994,18.9,10,6996659,1,7,Berhampur,Commercial,Pending,1
LAND995,3.55,5,7057046,5,4,Sambalpur,Commercial,Verified,0
LAND996,14.84,2,7463752,7,8,Puri,Residential,Pending,1
LAND997,9.78,11,761322,6,8,Berhampur,Commercial,Pending,1
LAND998,18.36,8,9317605,3,3,Bhubaneswar,Agricultural,Pending,1
LAND999,13.94,9,4326474,1,2,Berhampur,Agricultural,Pending,0
LAND1000,18.3,7,9894731,1,4,Rourkela,Commercial,Pending,0
LAND1001,6.27,8,5705472,3,5,Bhubaneswar,Agricultural,Verified,0
LAND1002,18.4,5,747521,4,8,Bhubaneswar,Agricultural,Pending,1
LAND1003,11.23,10,1423606,5,7,Rourkela,Agricultural,Verified,0
LAND1004,18.03,3,8977174,6,4,Balasore,Commercial,Verified,0
LAND1005,18.34,10,5760184,6,1,Cuttack,Agricultural,Verified,0
LAND1006,11.35,10,8936761,8,3,Rourkela,Agricultural,Verified,1
LAND1007,19.85,9,8357154,3,8,Sambalpur,Agricultural,Verified,1
LAND1008,2.16,11,9813504,2,1,Bhubaneswar,Residential,Verified,0
LAND1009,14.23,5,3303628,7,2,Sambalpur,Agricultural,Pending,0
LAND1010,22.1,9,8169771,9,0,Balasore,Agricultural,Pending,1
LAND1011,4.68,4,6974130,8,8,Berhampur,Agricultural,Verified,0
LAND1012,14.0,11,3493744,3,3,Balasore,Residential,Verified,0
LAND1013,22.29,5,944352,3,0,Berhampur,Agricultural,Pending,0
LAND1014,18.95,4,4895543,3,7,Sambalpur,Residential,Pending,1
LAND1015,10.26,2,4489061,9,6,Cuttack,Residential,Verified,0
LAND1016,9.12,1,9098144,2,5,Sambalpur,Residential,Verified,0
LAND1017,23.83,1,1417063,2,5,Bhubaneswar,Commercial,Verified,0
LAND1018,23.17,3,4586466,10,4,Balasore,Commercial,Verified,0
LAND1019,10.69,1,4163163,9,8,Rourkela,Agricultural,Verified,0
LAND1020,4.81,3,1736844,7,5,Cuttack,Commercial,Verified,0
LAND1021,11.26,4,7617700,10,8,Balasore,Agricultural,Verified,0
LAND1022,14.46,6,4304699,2,5,Cuttack,Commercial,Pending,0
LAND1023,12.78,12,681333,3,4,Sambalpur,Residential,Pending,0
LAND1024,16.93,11,5807010,8,1,Berhampur,Commercial,Verified,1
LAND1025,6.25,6,991242,4,4,Balasore,Agricultural,Verified,0
LAND1026,21.34,11,6070926,4,7,Rourkela,Agricultural,Verified,1
LAND1027,17.89,2,1572030,4,2,Bhubaneswar,Commercial,Verified,0
LAND1028,19.28,3,7224780,1,8,Puri,Commercial,Pending,1
LAND1029,7.29,6,1836232,6,4,Rourkela,Residential,Pending,0
LAND1030,20.84,8,9207291,5,3,Rourkela,Residential,Verified,0
LAND1031,20.75,6,4870071,9,0,Berhampur,Agricultural,Pending,1
LAND1032,20.14,12,3188814,8,1,Cuttack,Residential,Pending,1
LAND1033,20.38,7,9077842,8,2,Cuttack,Agricultural,Verified,0
LAND1034,3.47,11,3095605,8,0,Sambalpur,Agricultural,Verified,1
LAND1035,23.15,1,6760041,5,2,Puri,Commercial,Pending,0
LAND1036,10.87,7,5821726,10,4,Rourkela,Agricultural,Pending,0
LAND1037,7.7,7,8668984,4,7,Puri,Residential,Pending,0
LAND1038,24.53,3,5502907,7,2,Berhampur,Agricultural,Verified,0
LAND1039,5.92,2,6596888,2,2,Balasore,Commercial,Verified,0
LAND1040,11.4,3,9950293,10,8,Cuttack,Residential,Pending,1
LAND1041,15.29,8,9926496,8,7,Cuttack,Agricultural,Pending,1
LAND1042,14.04,4,8855986,4,6,Puri,Agricultural,Pending,0
LAND1043,1.22,12,4559847,7,8,Balasore,Commercial,Pending,1
LAND1044,20.57,7,2478166,5,5,Cuttack,Agricultural,Verified,0
LAND1045,24.84,2,2036683,2,6,Sambalpur,Commercial,Pending,1
LAND1046,12.57,5,2736910,2,3,Rourkela,Agricultural,Pending,0
LAND1047,24.11,5,9064354,8,6,Balasore,Agricultural,Pending,1
LAND1048,4.52,8,4730236,5,3,Rourkela,Residential,Pending,0
LAND1049,9.5,1,5597819,3,0,Bhubaneswar,Agricultural,Pending,0
LAND1050,11.6,7,9879903,4,5,Puri,Agricultural,Verified,0
LAND1051,11.6,4,4026489,9,3,Rourkela,Commercial,Pending,0
LAND1052,21.07,2,3016056,5,7,Bhubaneswar,Agricultural,Verified,0
LAND1053,14.19,6,9030171,6,1,Sambalpur,Agricultural,Verified,0
LAND1054,4.15,1,1363465,2,6,Rourkela,Agricultural,Pending,0
LAND1055,15.14,4,410359,9,0,Cuttack,Residential,Verified,0
LAND1056,2.47,11,5656881,5,4,Cuttack,Commercial,Verified,0
LAND1057,5.35,5,9731070,4,6,Sambalpur,Commercial,Verified,0
LAND1058,14.45,6,6671378,1,6,Puri,Commercial,Pending,0
LAND1059,21.66,4,4434732,9,4,Sambalpur,Agricultural,Pending,1
LAND1060,15.39,3,9718838,8,7,Rourkela,Commercial,Pending,1
LAND1061,24.14,5,5899343,9,2,Rourkela,Commercial,Pending,1
LAND1062,22.92,5,3732555,10,5,Cuttack,Commercial,Verified,0
LAND1063,14.99,11,5422712,3,8,Balasore,Residential,Verified,0
LAND1064,4.19,10,5676628,3,7,Rourkela,Commercial,Verified,0
LAND1065,11.34,3,7332931,10,5,Puri,Residential,Verified,0
LAND1066,24.21,9,9028055,2,2,Puri,Commercial,Verified,0
LAND1067,1.78,12,598541,2,5,Balasore,Commercial,Verified,0
LAND1068,18.07,9,6567317,9,0,Bhubaneswar,Commercial,Pending,1
LAND1069,9.54,5,570696,4,3,Balasore,Commercial,Verified,0
LAND1070,7.61,7,7656148,2,8,Rourkela,Residential,Verified,0
LAND1071,3.83,7,2093880,4,4,Puri,Residential,Verified,0
LAND1072,8.47,10,6556547,3,6,Berhampur,Residential,Pending,1
LAND1073,14.27,6,5079408,6,0,Puri,Residential,Pending,0
LAND1074,24.79,11,3647588,5,7,Rourkela,Commercial,Verified,1
LAND1075,21.75,8,1202124,1,1,Balasore,Commercial,Pending,1
LAND1076,17.02,11,8607889,1,5,Puri,Commercial,Pending,0
LAND1077,17.67,1,6812353,10,8,Balasore,Residential,Verified,0
LAND1078,2.83,8,1680536,3,5,Cuttack,Commercial,Verified,0
LAND1079,16.66,4,6473984,5,0,Berhampur,Agricultural,Pending,0
LAND1080,1.85,7,2981977,4,0,Cuttack,Residential,Pending,0
LAND1081,17.3,4,814195,3,1,Rourkela,Commercial,Pending,0
LAND1082,8.94,10,5109157,1,1,Sambalpur,Commercial,Pending,0
LAND1083,5.18,2,7752535,10,4,Berhampur,Commercial,Verified,0
LAND1084,20.14,9,2949718,4,3,Sambalpur,Residential,Verified,0
LAND1085,20.08,8,2908896,5,6,Puri,Residential,Pending,1
LAND1086,17.21,8,6732594,10,1,Balasore,Commercial,Pending,1
LAND1087,2.66,10,7448956,2,1,Cuttack,Commercial,Verified,0
LAND1088,8.03,1,7610577,3,6,Bhubaneswar,Residential,Verified,0
LAND1089,23.83,4,9181800,10,0,Puri,Agricultural,Verified,0
LAND1090,24.37,6,8917256,5,5,Rourkela,Commercial,Verified,0
LAND1091,16.58,8,7766856,9,3,Bhubaneswar,Commercial,Pending,1
LAND1092,21.44,11,5039141,8,8,Balasore,Residential,Pending,1
LAND1093,16.51,9,9752143,5,2,Sambalpur,Agricultural,Verified,0
LAND1094,1.85,6,6349034,8,5,Bhubaneswar,Residential,Pending,0
LAND1095,9.54,12,5184208,5,5,Sambalpur,Commercial,Pending,0
LAND1096,7.19,6,9305298,7,6,Cuttack,Commercial,Pending,1
LAND1097,19.93,4,8177826,6,2,Bhubaneswar,Agricultural,Pending,0
LAND1098,21.83,12,9902060,4,4,Sambalpur,Agricultural,Verified,0
LAND1099,6.62,1,8322975,2,8,Cuttack,Agricultural,Verified,0
LAND1100,8.03,5,4542287,1,1,Sambalpur,Agricultural,Pending,0
LAND1101,2.35,8,1163281,7,0,Berhampur,Residential,Pending,1
LAND1102,20.29,5,6556419,10,6,Rourkela,Residential,Pending,1
LAND1103,17.43,11,6086795,5,0,Balasore,Agricultural,Pending,0
LAND1104,1.02,7,5031835,3,3,Bhubaneswar,Residential,Pending,0
LAND1105,20.73,7,8517856,7,7,Bhubaneswar,Agricultural,Pending,1
LAND1106,7.27,1,5205095,8,7,Bhubaneswar,Residential,Verified,0
LAND1107,3.69,5,7776223,5,8,Balasore,Agricultural,Verified,0
LAND1108,1.07,6,9654645,3,5,Cuttack,Agricultural,Pending,0
LAND1109,19.56,10,7315519,5,0,Cuttack,Residential,Verified,0
LAND1110,10.29,10,479404,3,4,Balasore,Agricultural,Verified,0
LAND1111,4.37,3,3785966,5,7,Bhubaneswar,Agricultural,Pending,0
LAND1112,17.38,5,8018574,5,8,Puri,Commercial,Verified,0
LAND1113,8.83,5,938744,2,3,Bhubaneswar,Commercial,Pending,0
LAND1114,5.22,1,1044103,2,6,Puri,Commercial,Verified,0
LAND1115,18.37,7,7720860,8,0,Balasore,Commercial,Pending,1
LAND1116,20.24,5,2000343,8,0,Balasore,Agricultural,Verified,0
LAND1117,20.49,5,3584240,1,3,Rourkela,Residential,Pending,0
LAND1118,3.58,1,173234,7,2,Rourkela,Residential,Verified,0
LAND1119,17.54,7,5106665,3,6,Cuttack,Commercial,Verified,0
LAND1120,16.75,10,1282193,3,8,Berhampur,Agricultural,Verified,0
LAND1121,14.43,1,8631769,10,5,Rourkela,Commercial,Pending,0
LAND1122,13.51,11,884058,4,7,Puri,Commercial,Verified,0
LAND1123,13.24,11,7946072,10,2,Sambalpur,Commercial,Pending,1
LAND1124,12.32,9,3486836,10,0,Balasore,Commercial,Pending,1
LAND1125,6.16,12,8854267,2,6,Bhubaneswar,Agricultural,Pending,1
LAND1126,9.74,9,6969372,2,8,Cuttack,Commercial,Verified,0
LAND1127,22.85,2,2976401,10,0,Sambalpur,Residential,Pending,1
LAND1128,20.53,6,2251427,4,3,Bhubaneswar,Agricultural,Verified,0
LAND1129,6.43,11,3546255,3,6,Berhampur,Commercial,Pending,1
LAND1130,13.02,5,6910357,4,8,Sambalpur,Commercial,Pending,0
LAND1131,1.01,9,2495124,3,5,Bhubaneswar,Residential,Pending,0
LAND1132,22.15,2,1948491,7,6,Cuttack,Residential,Verified,1
LAND1133,3.71,9,4968574,6,8,Berhampur,Agricultural,Pending,1
LAND1134,3.46,5,8495233,10,8,Sambalpur,Agricultural,Verified,0
LAND1135,9.95,5,7661073,3,4,Sambalpur,Residential,Pending,0
LAND1136,12.96,10,9449682,8,5,Cuttack,Residential,Verified,1
LAND1137,19.4,3,5686901,2,8,Balasore,Agricultural,Pending,1
LAND1138,5.22,7,9630522,9,3,Balasore,Residential,Pending,0
LAND1139,9.45,1,5475792,9,2,Puri,Commercial,Verified,0
LAND1140,2.63,10,3651831,5,2,Sambalpur,Agricultural,Verified,0
LAND1141,23.98,3,2500021,4,8,Bhubaneswar,Commercial,Verified,0
LAND1142,12.85,11,7420107,1,6,Bhubaneswar,Commercial,Verified,0
LAND1143,6.92,6,1938103,4,5,Puri,Agricultural,Pending,0
LAND1144,6.01,1,7616041,2,8,Balasore,Agricultural,Pending,0
LAND1145,4.17,8,6030354,5,8,Balasore,Commercial,Verified,0
LAND1146,10.05,6,7295526,4,1,Sambalpur,Agricultural,Verified,0
LAND1147,10.47,10,2873289,2,6,Puri,Agricultural,Verified,0
LAND1148,11.03,10,2264926,10,1,Rourkela,Residential,Pending,1
LAND1149,1.4,10,1440135,3,8,Rourkela,Commercial,Verified,0
LAND1150,10.67,8,8070086,5,7,Balasore,Residential,Verified,0
LAND1151,9.18,8,3748989,2,7,Puri,Agricultural,Pending,1
LAND1152,11.08,9,391161,7,1,Berhampur,Agricultural,Verified,1
LAND1153,18.35,2,3154648,6,2,Rourkela,Commercial,Verified,0
LAND1154,8.87,11,3668176,9,0,Bhubaneswar,Residential,Pending,1
LAND1155,2.32,4,6094400,2,3,Rourkela,Residential,Verified,0
LAND1156,22.79,6,1315341,1,5,Bhubaneswar,Residential,Verified,0
LAND1157,11.53,2,6374174,9,8,Sambalpur,Commercial,Pending,1
LAND1158,1.68,1,204216,7,1,Puri,Residential,Pending,0
LAND1159,1.06,4,1979895,5,6,Rourkela,Residential,Pending,0
LAND1160,7.21,10,5310592,10,4,Rourkela,Agricultural,Pending,1
LAND1161,6.1,3,1913716,9,5,Berhampur,Agricultural,Pending,0
LAND1162,20.24,9,5167080,5,3,Berhampur,Residential,Verified,0
LAND1163,9.85,1,6122442,4,1,Rourkela,Commercial,Pending,0
LAND1164,9.15,2,2168890,8,8,Berhampur,Residential,Pending,1
LAND1165,20.8,5,3210539,9,4,Balasore,Residential,Pending,1
LAND1166,17.46,5,4913343,1,0,Balasore,Agricultural,Verified,0
LAND1167,8.57,11,5668308,8,4,Cuttack,Residential,Pending,1
LAND1168,5.0,1,1122234,7,7,Berhampur,Agricultural,Verified,0
LAND1169,8.65,10,5145650,2,8,Bhubaneswar,Agricultural,Verified,0
LAND1170,11.24,1,9142502,2,1,Bhubaneswar,Commercial,Verified,0
LAND1171,23.12,7,5515006,5,0,Puri,Agricultural,Verified,0
LAND1172,3.73,4,9154637,10,0,Bhubaneswar,Residential,Verified,0
LAND1173,3.12,8,7280538,1,3,Sambalpur,Residential,Verified,0
LAND1174,15.53,4,8625854,4,0,Bhubaneswar,Residential,Verified,0
LAND1175,7.45,3,2716701,9,0,Rourkela,Residential,Pending,0
LAND1176,13.72,2,6457706,10,4,Sambalpur,Residential,Verified,0
LAND1177,19.23,11,1197971,3,5,Balasore,Commercial,Pending,1
LAND1178,5.64,10,9216787,8,3,Sambalpur,Agricultural,Verified,1
LAND1179,13.23,6,2326059,7,2,Berhampur,Agricultural,Verified,0
LAND1180,7.34,1,3223397,4,0,Cuttack,Commercial,Pending,0
LAND1181,24.63,2,4619957,4,4,Balasore,Agricultural,Pending,0
LAND1182,16.12,10,3794155,8,5,Balasore,Residential,Verified,1
LAND1183,24.92,12,2380350,1,7,Bhubaneswar,Residential,Verified,1
LAND1184,4.43,9,4047742,9,6,Balasore,Commercial,Verified,1
LAND1185,2.16,9,9158944,2,5,Berhampur,Commercial,Pending,0
LAND1186,1.94,3,4190047,7,6,Puri,Commercial,Pending,1
LAND1187,16.98,10,1336292,8,5,Balasore,Agricultural,Verified,1
LAND1188,24.54,10,8521213,5,2,Cuttack,Agricultural,Verified,0
LAND1189,7.62,9,5992341,9,0,Rourkela,Commercial,Pending,1
LAND1190,5.25,2,5274597,1,2,Berhampur,Agricultural,Pending,0
LAND1191,7.13,4,730462,5,7,Cuttack,Agricultural,Verified,0
LAND1192,18.59,7,4234271,10,5,Rourkela,Residential,Pending,1
LAND1193,13.63,5,8547701,8,7,Bhubaneswar,Agricultural,Verified,0
LAND1194,12.77,4,3299591,7,2,Balasore,Agricultural,Pending,0
LAND1195,5.95,2,9319904,2,8,Puri,Residential,Verified,0
LAND1196,17.77,10,2313671,6,0,Puri,Commercial,Verified,0
LAND1197,24.07,2,3020710,4,7,Balasore,Commercial,Pending,1
LAND1198,17.18,3,4677179,8,7,Berhampur,Commercial,Pending,1
LAND1199,5.09,5,2860448,7,1,Puri,Commercial,Verified,0
LAND1200,7.9,8,1631896,9,2,Rourkela,Residential,Verified,1
LAND1201,13.04,6,9852890,7,8,Sambalpur,Agricultural,Pending,1
LAND1202,24.09,2,7383128,9,5,Bhubaneswar,Agricultural,Verified,0
LAND1203,11.11,9,6815556,7,0,Puri,Commercial,Pending,1
LAND1204,10.44,4,1997741,9,8,Sambalpur,Agricultural,Pending,1
LAND1205,3.24,3,8770142,9,2,Bhubaneswar,Residential,Verified,0
LAND1206,22.25,5,9980354,2,0,Puri,Commercial,Verified,0
LAND1207,22.97,11,8865796,7,4,Sambalpur,Agricultural,Verified,1
LAND1208,4.07,3,7184831,9,2,Bhubaneswar,Commercial,Pending,0
LAND1209,6.17,4,4937345,5,8,Sambalpur,Residential,Verified,0
LAND1210,22.18,1,5941075,9,7,Sambalpur,Agricultural,Pending,1
LAND1211,5.27,1,7447789,6,2,Puri,Residential,Verified,0
LAND1212,23.77,6,5417535,6,7,Puri,Agricultural,Verified,0
LAND1213,22.35,7,5833848,5,3,Berhampur,Residential,Pending,0
LAND1214,23.29,1,4610947,1,8,Cuttack,Commercial,Pending,1
LAND1215,17.08,2,6075784,3,7,Rourkela,Residential,Pending,0
LAND1216,24.9,3,2034755,3,2,Cuttack,Agricultural,Pending,0
LAND1217,22.31,6,264179,1,1,Cuttack,Agricultural,Verified,0
LAND1218,8.3,8,2020254,9,0,Cuttack,Commercial,Verified,1
LAND1219,6.81,1,5099946,10,6,Puri,Residential,Pending,1
LAND1220,17.94,3,2117735,5,4,Bhubaneswar,Commercial,Verified,0
LAND1221,4.18,6,8589816,5,5,Puri,Residential,Pending,0
LAND1222,20.55,6,9870361,6,5,Rourkela,Agricultural,Verified,0
LAND1223,13.91,5,9768908,10,7,Sambalpur,Residential,Pending,1
LAND1224,18.94,8,4627931,2,4,Sambalpur,Agricultural,Verified,0
LAND1225,23.04,2,6037861,9,7,Balasore,Agricultural,Verified,1
LAND1226,15.89,4,5326570,10,2,Sambalpur,Agricultural,Verified,0
LAND1227,24.48,10,1391466,4,5,Berhampur,Commercial,Verified,0
LAND1228,14.34,8,7791403,9,4,Rourkela,Residential,Pending,1
LAND1229,19.86,4,5462920,1,5,Balasore,Residential,Verified,0
LAND1230,22.87,8,6354538,8,7,Balasore,Agricultural,Verified,1
LAND1231,1.5,8,7158754,2,5,Balasore,Residential,Pending,0
LAND1232,10.3,3,6792828,8,6,Puri,Residential,Pending,1
LAND1233,3.24,2,3428401,8,6,Sambalpur,Agricultural,Pending,1
LAND1234,3.29,11,8913094,10,1,Cuttack,Residential,Verified,1
LAND1235,8.25,10,7466460,7,3,Berhampur,Residential,Verified,1
LAND1236,10.99,2,1058923,9,3,Bhubaneswar,Commercial,Pending,0
LAND1237,17.05,6,1267868,3,7,Sambalpur,Agricultural,Pending,0
LAND1238,2.64,7,7632718,6,5,Puri,Residential,Verified,0
LAND1239,13.65,12,1956351,7,5,Puri,Commercial,Verified,1
LAND1240,7.56,8,2342807,9,8,Balasore,Agricultural,Pending,1
LAND1241,20.85,10,2115889,9,4,Puri,Agricultural,Pending,1
LAND1242,13.49,6,9367060,1,7,Balasore,Residential,Verified,0
LAND1243,8.79,3,2581890,4,0,Rourkela,Residential,Verified,0
LAND1244,4.79,2,8026276,7,4,Berhampur,Commercial,Pending,0
LAND1245,11.5,5,4994397,4,6,Berhampur,Commercial,Pending,0
LAND1246,3.46,5,1517390,4,2,Bhubaneswar,Commercial,Verified,0
LAND1247,14.07,2,3598649,7,2,Sambalpur,Agricultural,Pending,0
LAND1248,22.16,11,3935103,10,4,Puri,Residential,Verified,1
LAND1249,11.22,12,7181267,10,1,Berhampur,Agricultural,Verified,1
LAND1250,1.83,11,2426194,1,7,Rourkela,Residential,Pending,1
LAND1251,7.9,5,3257969,2,7,Puri,Agricultural,Pending,0
LAND1252,6.19,11,8208684,8,2,Balasore,Residential,Verified,1
LAND1253,20.61,1,2580536,8,4,Bhubaneswar,Commercial,Verified,0
LAND1254,12.75,10,8180085,5,8,Berhampur,Residential,Pending,1
LAND1255,17.58,3,2067713,10,5,Rourkela,Agricultural,Verified,0
LAND1256,14.59,10,9977639,1,3,Puri,Residential,Pending,0
LAND1257,8.85,3,124995,6,6,Puri,Agricultural,Pending,0
LAND1258,16.08,6,7681441,5,4,Berhampur,Residential,Pending,0
LAND1259,16.82,6,4625215,7,2,Sambalpur,Residential,Pending,0
LAND1260,7.36,7,1243917,8,7,Cuttack,Residential,Verified,0
LAND1261,1.71,8,6454092,7,2,Sambalpur,Commercial,Pending,1
LAND1262,13.41,8,2362538,9,7,Rourkela,Commercial,Verified,1
LAND1263,6.13,12,6985155,1,4,Bhubaneswar,Agricultural,Verified,0
LAND1264,7.34,5,3159823,5,6,Rourkela,Agricultural,Pending,0
LAND1265,11.09,11,7446673,9,0,Cuttack,Residential,Pending,1
LAND1266,7.46,3,1059237,1,0,Balasore,Commercial,Pending,0
LAND1267,18.13,9,6409741,3,0,Sambalpur,Agricultural,Pending,1
LAND1268,21.69,7,9924308,7,2,Puri,Residential,Verified,0
LAND1269,1.76,9,8369024,10,8,Balasore,Residential,Verified,1
LAND1270,22.76,1,6527128,5,7,Balasore,Residential,Verified,0
LAND1271,12.28,7,2130328,4,0,Rourkela,Agricultural,Pending,0
LAND1272,7.56,12,7412462,7,8,Berhampur,Commercial,Verified,1
LAND1273,10.44,2,5758212,6,5,Balasore,Agricultural,Pending,0
LAND1274,3.75,6,6713169,10,1,Sambalpur,Agricultural,Verified,0
LAND1275,7.67,6,7734142,10,8,Puri,Residential,Verified,0
LAND1276,14.82,11,1231384,10,5,Balasore,Commercial,Verified,1
LAND1277,14.73,8,4850776,10,1,Sambalpur,Residential,Pending,1
LAND1278,13.9,6,2606067,8,0,Rourkela,Residential,Pending,0
LAND1279,15.56,6,9256861,8,7,Bhubaneswar,Agricultural,Verified,0
LAND1280,24.15,4,1330824,1,4,Balasore,Residential,Verified,0
LAND1281,8.85,8,2664060,8,8,Bhubaneswar,Agricultural,Pending,1
LAND1282,19.43,5,4606270,8,4,Berhampur,Agricultural,Pending,1
LAND1283,11.4,5,3880254,9,1,Berhampur,Agricultural,Verified,0
LAND1284,2.58,5,4511612,1,0,Bhubaneswar,Commercial,Verified,0
LAND1285,22.65,6,7983025,6,2,Puri,Residential,Verified,0
LAND1286,19.5,3,3659106,1,5,Rourkela,Commercial,Verified,0
LAND1287,10.82,1,6176193,8,4,Sambalpur,Agricultural,Verified,0
LAND1288,16.01,7,1957693,2,7,Sambalpur,Commercial,Verified,0
LAND1289,10.6,7,5999095,10,5,Sambalpur,Residential,Pending,0
LAND1290,17.17,11,8520120,3,2,Cuttack,Residential,Pending,0
LAND1291,11.05,10,2153674,4,8,Balasore,Residential,Verified,0
LAND1292,16.5,8,2496578,6,0,Balasore,Residential,Verified,0
LAND1293,11.84,3,5043124,5,5,Puri,Residential,Pending,0
LAND1294,13.59,11,6919826,8,4,Balasore,Residential,Verified,1
LAND1295,5.27,5,961944,8,6,Balasore,Agricultural,Verified,0
LAND1296,19.98,11,6638356,8,7,Bhubaneswar,Commercial,Verified,1
LAND1297,1.45,12,2680741,5,7,Puri,Commercial,Pending,1
LAND1298,18.41,12,8180862,10,2,Sambalpur,Agricultural,Pending,1
LAND1299,8.79,1,6878732,2,1,Puri,Residential,Verified,0
LAND1300,22.45,1,5441256,2,8,Puri,Residential,Pending,1
LAND1301,24.8,3,7343900,7,7,Puri,Agricultural,Verified,1
LAND1302,5.88,11,414968,6,4,Cuttack,Commercial,Verified,0
LAND1303,19.67,2,2296236,5,5,Sambalpur,Residential,Verified,0
LAND1304,5.41,7,711876,1,1,Puri,Agricultural,Pending,0
LAND1305,11.68,7,2228410,9,5,Berhampur,Commercial,Pending,0
LAND1306,20.52,10,5864888,4,5,Bhubaneswar,Residential,Verified,0
LAND1307,1.34,7,824818,2,0,Sambalpur,Commercial,Verified,0
LAND1308,17.19,3,3151341,5,5,Puri,Commercial,Pending,0
LAND1309,13.34,2,1402896,7,8,Cuttack,Residential,Pending,1
LAND1310,7.26,12,3315935,9,6,Balasore,Commercial,Verified,1
LAND1311,4.28,10,3432918,3,4,Balasore,Agricultural,Pending,0
LAND1312,4.92,9,2806403,3,1,Bhubaneswar,Commercial,Verified,0
LAND1313,2.28,6,6196939,10,1,Sambalpur,Agricultural,Pending,0
LAND1314,19.77,2,3858810,6,4,Puri,Commercial,Verified,0
LAND1315,14.78,6,6724335,5,6,Puri,Commercial,Verified,0
LAND1316,17.43,9,9836666,10,0,Puri,Residential,Verified,1
LAND1317,7.2,9,1357229,6,4,Bhubaneswar,Commercial,Verified,0
LAND1318,20.44,7,4924472,1,4,Rourkela,Residential,Verified,0
LAND1319,15.55,1,6222553,3,2,Bhubaneswar,Commercial,Pending,0
LAND1320,4.53,11,2571232,2,2,Bhubaneswar,Agricultural,Verified,0
LAND1321,5.83,5,5598429,3,7,Puri,Commercial,Verified,0
LAND1322,21.53,7,3396941,2,3,Sambalpur,Residential,Pending,0
LAND1323,6.53,2,6981763,4,3,Berhampur,Residential,Pending,0
LAND1324,14.13,1,7531908,3,4,Balasore,Residential,Verified,0
LAND1325,23.39,7,9030400,3,8,Sambalpur,Commercial,Pending,1
LAND1326,4.08,1,9767887,1,1,Berhampur,Residential,Verified,0
LAND1327,17.99,10,5486126,4,8,Berhampur,Commercial,Verified,0
LAND1328,15.57,10,2128133,7,1,Puri,Commercial,Pending,1
LAND1329,4.46,1,8767958,10,3,Berhampur,Agricultural,Verified,0
LAND1330,1.1,4,6506519,5,4,Bhubaneswar,Agricultural,Verified,0
LAND1331,23.15,5,5063743,1,7,Puri,Agricultural,Pending,1
LAND1332,10.73,2,3755892,7,0,Cuttack,Agricultural,Verified,0
LAND1333,7.36,11,5749105,4,4,Bhubaneswar,Residential,Verified,0
LAND1334,5.14,9,8408587,1,7,Balasore,Residential,Verified,0
LAND1335,16.01,3,1792298,4,6,Puri,Commercial,Pending,0
LAND1336,22.88,3,5147651,8,1,Balasore,Agricultural,Verified,0
LAND1337,8.09,7,8884850,4,7,Puri,Residential,Pending,0
LAND1338,6.16,12,1477292,6,3,Rourkela,Residential,Verified,0
LAND1339,9.1,2,4156957,9,3,Puri,Commercial,Verified,0
LAND1340,19.58,8,3771024,9,4,Sambalpur,Residential,Pending,1
LAND1341,19.4,6,7200292,7,1,Puri,Commercial,Pending,1
LAND1342,15.67,5,7085821,2,2,Cuttack,Agricultural,Pending,0
LAND1343,19.93,5,2187296,10,4,Cuttack,Commercial,Verified,0
LAND1344,8.78,8,1216846,3,0,Sambalpur,Commercial,Verified,0
LAND1345,3.8,7,6142280,3,6,Sambalpur,Agricultural,Verified,0
LAND1346,9.83,6,5328476,3,2,Sambalpur,Residential,Pending,0
LAND1347,19.67,9,6179032,9,4,Cuttack,Agricultural,Verified,1
LAND1348,19.52,11,9641106,9,5,Berhampur,Commercial,Verified,1
LAND1349,11.92,6,6122034,10,3,Bhubaneswar,Agricultural,Pending,0
LAND1350,7.78,3,9657877,9,6,Balasore,Commercial,Pending,1
LAND1351,4.23,8,9767621,8,8,Berhampur,Commercial,Verified,1
LAND1352,24.13,6,4420737,9,1,Cuttack,Residential,Pending,1
LAND1353,11.27,12,7567977,6,8,Puri,Commercial,Verified,0
LAND1354,17.13,5,5791387,6,2,Balasore,Residential,Pending,0
LAND1355,22.0,5,6132817,8,8,Balasore,Agricultural,Verified,1
LAND1356,21.42,7,2580530,6,6,Puri,Residential,Verified,0
LAND1357,14.0,7,6468096,7,6,Cuttack,Agricultural,Pending,1
LAND1358,10.47,12,3100883,2,3,Bhubaneswar,Residential,Verified,0
LAND1359,14.02,9,6844320,8,2,Bhubaneswar,Agricultural,Pending,1
LAND1360,6.3,5,9103112,3,5,Cuttack,Agricultural,Verified,0
LAND1361,13.17,6,5387977,9,5,Rourkela,Commercial,Pending,0
LAND1362,12.6,9,3233017,10,2,Sambalpur,Commercial,Verified,1
LAND1363,10.19,11,9110994,6,1,Puri,Commercial,Verified,0
LAND1364,1.69,11,7914506,8,3,Rourkela,Residential,Pending,1
LAND1365,2.88,8,808618,10,2,Puri,Agricultural,Pending,1
LAND1366,8.69,10,7994666,2,8,Sambalpur,Commercial,Verified,0
LAND1367,12.85,7,5505826,10,3,Berhampur,Commercial,Verified,0
LAND1368,15.11,5,2566021,2,5,Rourkela,Agricultural,Pending,0
LAND1369,10.1,1,7524683,2,1,Sambalpur,Agricultural,Pending,0
LAND1370,3.09,1,3824761,2,3,Bhubaneswar,Residential,Verified,0
LAND1371,17.39,6,2456559,6,3,Cuttack,Commercial,Pending,0
LAND1372,13.51,1,1157321,4,7,Rourkela,Commercial,Verified,0
LAND1373,15.82,5,4625219,3,5,Balasore,Commercial,Verified,0
LAND1374,18.33,6,5081917,4,5,Cuttack,Agricultural,Verified,0
LAND1375,7.33,4,7486954,3,1,Puri,Residential,Verified,0
LAND1376,8.5,2,6035057,6,6,Balasore,Agricultural,Pending,0
LAND1377,18.72,8,431935,9,6,Sambalpur,Residential,Verified,1
LAND1378,13.01,1,1851859,4,4,Sambalpur,Commercial,Pending,0
LAND1379,11.25,12,1762288,8,8,Balasore,Commercial,Verified,1
LAND1380,7.6,2,7068381,2,5,Balasore,Residential,Pending,0
LAND1381,16.58,1,349721,3,8,Rourkela,Commercial,Pending,0
LAND1382,8.99,11,149430,4,2,Rourkela,Commercial,Verified,0
LAND1383,12.84,11,7180651,1,7,Balasore,Agricultural,Verified,0
LAND1384,16.79,4,725316,10,6,Bhubaneswar,Commercial,Verified,0
LAND1385,7.95,3,6516740,9,8,Sambalpur,Agricultural,Pending,1
LAND1386,19.46,8,1743882,5,6,Cuttack,Commercial,Verified,1
LAND1387,11.98,2,1471822,5,2,Sambalpur,Agricultural,Verified,0
LAND1388,8.62,2,7395183,5,7,Bhubaneswar,Agricultural,Verified,0
LAND1389,20.06,8,4421454,10,0,Berhampur,Residential,Verified,1
LAND1390,2.52,11,2637281,4,1,Cuttack,Residential,Verified,0
LAND1391,10.61,7,7241918,6,1,Bhubaneswar,Commercial,Verified,0
LAND1392,9.68,1,5360590,9,5,Cuttack,Commercial,Pending,0
LAND1393,9.26,8,2140320,4,3,Bhubaneswar,Commercial,Verified,0
LAND1394,14.0,1,5345478,9,0,Sambalpur,Agricultural,Verified,0
LAND1395,19.21,12,6053115,5,4,Balasore,Agricultural,Verified,0
LAND1396,11.14,8,5457661,9,8,Balasore,Agricultural,Verified,1
LAND1397,17.97,8,1101536,1,8,Puri,Agricultural,Pending,1
LAND1398,18.05,10,2141004,4,5,Cuttack,Residential,Verified,0
LAND1399,5.94,4,4814110,2,2,Rourkela,Commercial,Verified,0
LAND1400,15.45,1,1232278,2,7,Rourkela,Agricultural,Pending,0
LAND1401,6.27,10,4777532,3,2,Bhubaneswar,Commercial,Verified,0
LAND1402,19.75,2,5975625,7,8,Cuttack,Agricultural,Verified,1
LAND1403,18.05,4,1402544,5,1,Puri,Commercial,Verified,0
LAND1404,12.61,10,5086340,3,4,Puri,Agricultural,Verified,0
LAND1405,22.97,3,1489834,5,4,Puri,Residential,Pending,0
LAND1406,12.37,4,8275948,6,6,Bhubaneswar,Agricultural,Pending,0
LAND1407,9.44,5,7101022,9,0,Bhubaneswar,Residential,Pending,0
LAND1408,18.69,1,9104255,7,5,Puri,Commercial,Verified,0
LAND1409,1.06,7,3246836,7,5,Cuttack,Residential,Pending,0
LAND1410,20.21,4,7894966,6,1,Cuttack,Commercial,Pending,0
LAND1411,18.07,8,9605068,10,6,Rourkela,Agricultural,Verified,1
LAND1412,4.69,5,1980330,2,8,Puri,Residential,Verified,0
LAND1413,7.77,4,6026690,4,3,Sambalpur,Commercial,Pending,0
LAND1414,13.11,1,9055391,9,0,Balasore,Agricultural,Pending,0
LAND1415,12.92,10,1092636,5,4,Cuttack,Commercial,Pending,0
LAND1416,6.35,8,8168912,8,6,Sambalpur,Residential,Verified,1
LAND1417,14.17,7,8739808,5,0,Bhubaneswar,Residential,Verified,0
LAND1418,17.14,3,3909293,7,5,Rourkela,Agricultural,Verified,0
LAND1419,20.14,2,2701869,1,0,Sambalpur,Commercial,Pending,0
LAND1420,14.99,9,4665366,2,3,Puri,Commercial,Verified,0
LAND1421,13.06,5,2767107,5,6,Puri,Commercial,Verified,0
LAND1422,20.36,10,8868772,2,2,Balasore,Residential,Pending,1
LAND1423,4.73,2,1286667,7,8,Puri,Residential,Pending,1
LAND1424,7.93,4,9700968,7,7,Bhubaneswar,Residential,Pending,1
LAND1425,6.22,11,2561873,8,6,Cuttack,Agricultural,Pending,1
LAND1426,12.28,6,6071418,1,7,Cuttack,Agricultural,Verified,0
LAND1427,20.35,7,5051776,6,0,Rourkela,Commercial,Verified,0
LAND1428,15.04,3,2845404,10,3,Bhubaneswar,Agricultural,Verified,0
LAND1429,19.04,6,2647564,5,7,Cuttack,Residential,Verified,0
LAND1430,13.89,9,1028988,9,6,Sambalpur,Agricultural,Verified,1
LAND1431,12.05,8,6586584,7,2,Sambalpur,Residential,Pending,1
LAND1432,24.14,5,1117767,8,2,Rourkela,Commercial,Verified,0
LAND1433,11.21,4,3233810,9,0,Bhubaneswar,Agricultural,Verified,0
LAND1434,6.69,10,3625534,6,3,Berhampur,Commercial,Pending,0
LAND1435,15.35,4,4376328,1,2,Rourkela,Commercial,Pending,0
LAND1436,19.19,12,9043077,1,5,Sambalpur,Commercial,Pending,1
LAND1437,12.31,2,9371998,4,3,Berhampur,Commercial,Verified,0
LAND1438,2.12,2,6987656,5,5,Sambalpur,Residential,Verified,0
LAND1439,6.31,4,6087855,8,4,Sambalpur,Residential,Verified,0
LAND1440,24.63,5,9810734,6,1,Cuttack,Residential,Pending,0
LAND1441,2.43,11,6780731,7,0,Cuttack,Commercial,Verified,1
LAND1442,7.25,5,2206202,9,2,Sambalpur,Commercial,Pending,0
LAND1443,10.95,11,2280225,4,4,Rourkela,Residential,Verified,0
LAND1444,5.04,6,4363133,10,3,Bhubaneswar,Agricultural,Verified,0
LAND1445,17.98,5,2087249,1,1,Sambalpur,Agricultural,Pending,0
LAND1446,9.54,10,7355052,2,7,Berhampur,Commercial,Verified,0
LAND1447,7.67,1,5882927,1,1,Berhampur,Residential,Pending,0
LAND1448,24.38,3,9362825,3,7,Sambalpur,Residential,Verified,0
LAND1449,14.27,12,3507186,1,2,Sambalpur,Residential,Verified,0
LAND1450,1.94,8,1926109,3,6,Berhampur,Agricultural,Verified,0
LAND1451,19.9,2,8792688,4,1,Puri,Residential,Pending,0
LAND1452,2.61,12,4418492,6,4,Balasore,Residential,Pending,0
LAND1453,20.43,1,5887485,5,4,Puri,Residential,Pending,0
LAND1454,12.07,12,7095554,6,8,Sambalpur,Agricultural,Verified,0
LAND1455,16.13,11,3118349,4,3,Bhubaneswar,Residential,Verified,0
LAND1456,4.02,6,7590358,6,5,Berhampur,Residential,Pending,0
LAND1457,10.88,11,2461424,7,1,Berhampur,Residential,Verified,1
LAND1458,6.87,9,1662819,10,1,Puri,Agricultural,Pending,1
LAND1459,10.09,5,9042428,5,6,Puri,Residential,Pending,0
LAND1460,8.15,9,7830245,5,0,Balasore,Commercial,Verified,0
LAND1461,19.69,12,4779870,9,3,Puri,Residential,Pending,1
LAND1462,12.37,4,8013874,7,4,Berhampur,Agricultural,Verified,0
LAND1463,20.69,8,9590614,5,0,Bhubaneswar,Agricultural,Pending,1
LAND1464,17.94,4,5442921,9,5,Puri,Agricultural,Verified,0
LAND1465,7.67,3,154175,9,7,Sambalpur,Agricultural,Verified,0
LAND1466,13.53,7,5139093,3,8,Sambalpur,Residential,Verified,0
LAND1467,6.01,6,2833072,9,2,Balasore,Residential,Pending,0
LAND1468,5.7,9,6848049,7,8,Cuttack,Commercial,Verified,1
LAND1469,5.48,8,367865,9,5,Puri,Agricultural,Verified,1
LAND1470,2.77,11,1851057,2,3,Berhampur,Agricultural,Pending,0
LAND1471,2.32,7,4310468,3,1,Sambalpur,Residential,Pending,0
LAND1472,2.26,9,9659994,7,6,Berhampur,Residential,Pending,1
LAND1473,7.77,9,5773370,4,7,Sambalpur,Commercial,Verified,0
LAND1474,20.99,5,4460301,1,3,Cuttack,Agricultural,Pending,0
LAND1475,24.12,2,7738287,10,4,Cuttack,Agricultural,Verified,0
LAND1476,8.98,10,5857345,8,0,Cuttack,Commercial,Verified,1
LAND1477,20.84,5,2158654,7,4,Cuttack,Commercial,Pending,1
LAND1478,19.9,10,7728391,9,4,Cuttack,Commercial,Pending,1
LAND1479,10.89,1,3580579,6,7,Berhampur,Commercial,Pending,0
LAND1480,19.85,5,1371881,8,2,Puri,Residential,Pending,1
LAND1481,10.63,11,5450662,5,6,Balasore,Residential,Verified,0
LAND1482,1.31,11,6379962,2,5,Sambalpur,Residential,Pending,0
LAND1483,8.45,1,2457192,8,5,Balasore,Commercial,Verified,0
LAND1484,22.95,12,6996154,7,5,Rourkela,Residential,Verified,1
LAND1485,22.34,4,6621141,3,5,Puri,Agricultural,Verified,0
LAND1486,11.75,4,7666292,3,3,Sambalpur,Residential,Verified,0
LAND1487,18.1,10,1462191,3,4,Berhampur,Agricultural,Pending,1
LAND1488,24.95,3,1373893,5,8,Balasore,Residential,Verified,0
LAND1489,10.43,9,5125095,6,3,Cuttack,Agricultural,Verified,0
LAND1490,15.86,7,9442508,6,3,Cuttack,Agricultural,Pending,0
LAND1491,18.25,4,8815825,2,0,Rourkela,Commercial,Verified,0
LAND1492,2.26,11,4874540,8,3,Balasore,Residential,Verified,1
LAND1493,3.41,6,2175957,9,1,Rourkela,Commercial,Verified,0
LAND1494,8.89,10,4004973,2,4,Sambalpur,Commercial,Pending,0
LAND1495,21.03,1,3697744,3,8,Rourkela,Residential,Verified,0
LAND1496,1.94,9,3983712,5,1,Balasore,Commercial,Verified,0
LAND1497,7.31,4,341064,5,2,Puri,Agricultural,Pending,0
LAND1498,11.31,6,5938992,1,1,Balasore,Agricultural,Pending,0
LAND1499,15.01,5,4849157,1,2,Balasore,Commercial,Verified,0
LAND1500,18.02,4,4761344,5,6,Cuttack,Agricultural,Pending,1
